player_id,player_first_name,player_last_name,player_short_first_name,player_short_last_name,player_match_name,player_nationality,player_position,player_place_of_birth,player_known_name,last_updated
1,Angela Marguerite,Salem,Angela,Salem,A. Salem,USA,Midfielder,Akron,NA,2/6/23
2,Louise,Schillgard,Louise,Schillgard,L. Schillgard,Sweden,Midfielder,Stockholm,NA,2/6/23
3,Natasha Khalila,Dowie,Natasha,Dowie,N. Dowie,England,Attacker,Abu Dhabi,NA,2/6/23
4,Kyah Pam,Simon,Kyah,Simon,K. Simon,Australia,Attacker,Blacktown,NA,2/6/23
5,Kylie Allyssa,Strom,Kylie,Strom,K. Strom,USA,Defender,Endicott,NA,4/4/24
6,Ghoutia,Karchouni,Ghoutia,Karchouni,G. Karchouni,France,Midfielder,Lyon,NA,2/6/23
7,Whitney Elizabeth,Engen,Whitney,Engen,W. Engen,USA,Defender,Torrance,NA,2/6/23
8,Katie,Schoepfer,Katie,Schoepfer,K. Schoepfer,USA,Midfielder,Waterford,NA,2/6/23
9,Brittany Margaret,Ratcliffe,Brittany,Ratcliffe,B. Ratcliffe,USA,Attacker,Williamstown,NA,4/4/24
10,Elise,Krieghoff,NA,NA,E. Krieghoff,USA,Attacker,Fresno,NA,2/6/23
11,Kristen Anne,Mewis,Kristie,Mewis,K. Mewis,USA,Midfielder,Hanson,NA,9/3/23
12,Stephanie,Verdoia,NA,NA,S. Verdoia,USA,Midfielder,Salt Lake City,NA,2/6/23
13,Rachel,Wood,NA,NA,R. Wood,USA,Defender,Laguna Niguel,NA,2/6/23
14,Morgan,Marlborough,NA,NA,M. Marlborough,USA,Attacker,Lee's Summit,NA,2/6/23
15,Abigail Mackenzie,Smith,Abby,Smith,A. Smith,USA,Goalkeeper,Plano,NA,4/4/24
16,Elizabeth,Stout,NA,NA,E. Stout,USA,Goalkeeper,Louisville,NA,2/6/23
17,Sinead Louise,Farrelly,Sinead,Farrelly,S. Farrelly,Republic of Ireland,Midfielder,Havertown,NA,4/4/24
18,Eunice,Beckmann,NA,NA,E. Beckmann,Germany,Attacker,Wuppertal,NA,2/6/23
19,Julie,O'Toole King,Julie,King,J. King,USA,Defender,St. Louis,NA,2/6/23
20,Mollie Elizabeth,Pathman,NA,NA,M. Pathman,USA,Defender,Durham,NA,2/6/23
21,Brooke,Elby,Brooke,Elby,B. Elby,USA,Defender,Arcadia,NA,2/6/23
22,McCall RaNae,Zerboni,McCall,Zerboni,M. Zerboni,USA,Midfielder,Camarillo,NA,4/4/24
23,Kassey,Kallman,NA,NA,K. Kallman,USA,Defender,Woodbury,NA,2/6/23
24,Stephanie,McCaffrey,NA,NA,S. McCaffrey,USA,Attacker,Winchester,NA,2/6/23
25,Jami-Ann,Kranich,NA,NA,J. Kranich,USA,Goalkeeper,Hamden,NA,2/6/23
26,Christen Joan,Westphal,Christen,Westphal,C. Westphal,USA,Defender,Brecksville,NA,4/4/24
27,Adrienne Leigh,Jordan,Adrienne,Jordan,A. Jordan,USA,Defender,NA,NA,2/6/23
28,Danielle Jessica,Colaprico,Danielle,Colaprico,D. Colaprico,USA,Midfielder,Freehold Township,NA,4/4/24
29,Madison,Krauser,NA,NA,M. Krauser,USA,Midfielder,Georgia,NA,2/6/23
30,Michele,Dalton,NA,NA,M. Dalton,USA,Goalkeeper,Mount Prospect,NA,2/6/23
31,Kassidy,Brown,NA,NA,K. Brown,USA,Defender,NA,NA,2/6/23
32,Casey Marie,Krueger,Casey,Krueger,C. Krueger,USA,Defender,Naperville,NA,4/4/24
33,Giuleana,Lopez,NA,NA,G. Lopez,USA,Attacker,NA,NA,2/6/23
34,Samantha,Martel Johnson,Samantha,Johnson,S. Johnson,USA,Defender,Palmdale,NA,2/6/23
35,Courtney,Raetzman,NA,NA,C. Raetzman,USA,Midfielder,NA,NA,2/6/23
36,Kathleen Camille,Lind,Katie,Lind,K. Lind,USA,Defender,Elk Grove Village,NA,4/4/24
37,Olivia,Pappalardo,NA,NA,O. Pappalardo,USA,Midfielder,NA,NA,2/6/23
38,Alyssa Lee,Mautz,Alyssa,Mautz,A. Mautz,USA,Midfielder,St. Louis,NA,2/6/23
39,Cara,Walls,NA,NA,C. Walls,USA,Attacker,Wauwatosa,NA,2/6/23
40,Jennifer,Hoy,Jennifer,Hoy,J. Hoy,USA,Attacker,Sellersville,NA,2/6/23
41,Amanda,DaCosta,Amanda Jaqueline,Da Costa,Amanda DaCosta,Portugal,Midfielder,Katonah,Amanda Da Costa,2/6/23
42,Christen Annemarie,Press,Christen,Press,C. Press,USA,Attacker,Los Angeles,NA,4/4/24
43,Janelle Kalyn,Flaws,NA,NA,J. Flaws,USA,Attacker,Glenview,NA,2/6/23
44,Alyssa Michele,Naeher,Alyssa,Naeher,A. Naeher,USA,Goalkeeper,Bridgeport,NA,4/4/24
45,Arin Hadley,Wright,Arin,Wright,A. Wright,USA,Defender,Wilmore,Arin Wright,4/4/24
46,Rebekah,Roller,NA,NA,R. Roller,USA,Midfielder,NA,NA,2/6/23
47,Vanessa Sue,DiBernardo,Vanessa,DiBernardo,V. DiBernardo,USA,Midfielder,"Naperville, IL",NA,4/4/24
48,Julie Beth,Ertz,Julie,Ertz,J. Ertz,USA,Midfielder,Mesa,NA,9/3/23
49,Sofia Christine,Huerta,Sofia,Huerta,S. Huerta,USA,Defender,Boise,NA,4/4/24
50,Brianna,Smallidge,NA,NA,B. Smallidge,USA,Goalkeeper,Bremerton,NA,2/6/23
51,Mary,Luba,NA,NA,M. Luba,USA,Midfielder,Shorewood,NA,2/6/23
52,Rosie Frances,Malone-Povolny,NA,NA,R. Povolny,USA,Midfielder,NA,NA,2/6/23
53,Sarah L.,Gorden,Sarah,Gorden,S. Gorden,USA,Defender,Elk Grove,NA,4/4/24
54,Taylor,Comeau,NA,NA,T. Comeau,USA,Midfielder,Los Gatos,NA,2/6/23
55,Shea Ellese,Groom,Shea,Groom,S. Groom,USA,Midfielder,Liberty,NA,4/4/24
56,McKenzie,Karas,NA,NA,M. Karas,USA,Defender,NA,NA,2/6/23
57,Nicole Renee,Barnhart,Nicole,Barnhart,N. Barnhart,USA,Goalkeeper,Pottstown,NA,4/4/24
58,Lauren,Sesselmann,Lauren,Sesselmann,L. Sesselmann,Canada,Defender,Marshfield,NA,2/6/23
59,Brittany Nicole,Kolmel,Brittany,Kolmel,B. Kolmel,USA,Defender,Campbell Hall,NA,2/6/23
60,Yael,Averbuch,NA,NA,Y. Averbuch,USA,Midfielder,New York City,NA,2/6/23
61,Desiree Rose Marie,Scott,Desiree,Scott,D. Scott,Canada,Midfielder,"Winnipeg, Manitoba",NA,4/4/24
62,Jen,Buczkowski,Jen,Buczkowski,J. Buczkowski,USA,Midfielder,Chicago,NA,2/6/23
63,Heather Ann,O'Reilly Werry,Heather,O'Reilly,H. O'Reilly,USA,Midfielder,East Brunswick,NA,2/6/23
64,Lo’eau Kaiulani,LaBonta,Lo'eau,LaBonta,L. LaBonta,USA,Midfielder,"Rancho Cucamonga, CA",NA,4/4/24
65,Tiffany Janea,McCarty,Tiffany,McCarty,T. McCarty,USA,Attacker,Laurel,NA,2/6/23
66,Catherine,Parkhill,NA,NA,C. Parkhill,USA,Goalkeeper,Apple Valley,NA,2/6/23
67,Brianne,Taylor Reed Pérez,Brianne,Reed,B. Reed,Dominican Republic,Defender,Tinton Falls,NA,2/6/23
68,Caroline,Kastor,NA,NA,C. Kastor,USA,Attacker,Wichita,NA,2/6/23
69,Frances,Silva,NA,NA,F. Silva,USA,Attacker,Overland Park,NA,2/6/23
70,Amanda,Paige Frisbie,Amanda,Frisbie,A. Frisbie,USA,Defender,Keller,NA,2/6/23
71,Tiffany,Weimer,Tiffany,Weimer,T. Weimer,USA,Midfielder,Bridgeport,NA,2/6/23
72,Kate Elizabeth,Bowen,Kate,Bowen,K. Bowen,New Zealand,Defender,Auckland,Katie Bowen,2/6/23
73,Katelyn Morgan,Rowland,Katelyn,Rowland,K. Rowland,USA,Goalkeeper,Walnut Creek,NA,4/4/24
74,Erika Leigh,Tymrak,Erika,Tymrak,E. Tymrak,USA,Midfielder,Detroit,NA,9/3/23
75,Alex,Arlitt,NA,NA,A. Arlitt,USA,Defender,Houston,NA,2/6/23
76,Molly,Menchel,NA,NA,M. Menchel,USA,Midfielder,NA,NA,2/6/23
77,Rebecca Elizabeth,Sauerbrunn,Becky,Sauerbrunn,B. Sauerbrunn,USA,Defender,St. Louis,NA,4/4/24
78,Amanda Christine,Laddish,Mandy,Laddish,M. Laddish,USA,Midfielder,Lee's Summit,NA,2/6/23
79,Alexa,Newfield,NA,NA,A. Newfield,USA,Midfielder,Atlanta,NA,2/6/23
80,Tessa,Andujar,NA,NA,T. Andujar,USA,Defender,NA,NA,2/6/23
81,Chestley,Strother,Chestley,Strother,C. Strother,USA,Midfielder,Whitehouse,NA,2/6/23
82,Caitlyn Josephine,Heap,NA,NA,C. Heap,USA,Midfielder,Tampa,NA,2/6/23
83,Melissa,Henderson,Melissa,Henderson,M. Henderson,USA,Attacker,Garland,NA,2/6/23
84,Andressa,Cavalari Machry,Andressa,Cavalari Machry,Andressinha,Brazil,Midfielder,Roque Gonzales,Andressinha,2/6/23
85,Amber Jean,Brooks,Amber,Brooks,A. Brooks,USA,Defender,Evansville,NA,9/3/23
86,Bianca,Henninger,Bianca,Henninger,B. Henninger,Mexico,Goalkeeper,Los Gatos,NA,2/6/23
87,Kealia,Ohai Watt,Kealia,Watt,K. Watt,USA,Attacker,Draper,NA,2/6/23
88,Mónica Rose,Alvarado Rodriguez,NA,NA,M. Alvarado,Mexico,Midfielder,Santa Monica,NA,2/6/23
89,Poliana,Barbosa Medeiros,Poliana,Barbosa Medeiros,Poliana,Brazil,Defender,Ituiutaba,Poliana,2/6/23
90,Bianca,Brinson,NA,NA,B. Brinson,USA,Attacker,Austin,NA,2/6/23
91,Morgan Paige,Gautrat,Morgan,Gautrat,M. Gautrat,USA,Midfielder,St. Simons Island,NA,4/4/24
92,Cari Elizabeth,Roccaro,Cari,Roccaro,C. Roccaro,USA,Midfielder,East Islip,NA,4/4/24
93,Denise Rebecca,O'Sullivan,Denise,O'Sullivan,D. O'Sullivan,Republic of Ireland,Midfielder,Cork,NA,4/4/24
94,Cambria Danielle,Privett,Cambria,Privett,C. Privett,USA,Midfielder,Bakersfield,Cami Privett,2/6/23
95,Lydia Grace Yilkari,Williams,Lydia,Williams,L. Williams,Australia,Goalkeeper,Katanning,NA,2/6/23
96,Haley,Carter,NA,NA,H. Carter,USA,Goalkeeper,NA,NA,2/6/23
97,Ellie Katherine,Brush,Ellie,Brush,E. Brush,Australia,Defender,Canberra,NA,2/6/23
98,Stephanie,Ochs,Stephanie,Ochs,S. Ochs,USA,Defender,San Diego,NA,2/6/23
99,Janine Elizabeth,Beckie,Janine,Beckie,J. Beckie,Canada,Attacker,Highlands Ranch,NA,4/4/24
100,Rachel Ann,Daly,Rachel,Daly,R. Daly,England,Attacker,Harrogate,NA,2/6/23
101,Megan,Crosson,Megan,Crosson,M. Crosson,USA,Defender,Costa Mesa,NA,2/6/23
102,Tessa,Florio-Gavilsky,NA,NA,T. Florio,USA,Attacker,Clayton,NA,2/6/23
103,Caroline,McCue Van Slambrouck,Caroline,Van Slambrouck,C. Van Slambrouck,USA,Defender,Kingswood,NA,2/6/23
104,Kate,Scheele,NA,NA,K. Scheele,USA,Goalkeeper,Walla Walla,NA,2/6/23
105,Rebecca,Moros,Rebecca,Moros,R. Moros,USA,Midfielder,Manhattan,NA,2/6/23
106,Allysha Lyn,Chapman,Allysha,Chapman,A. Chapman,Canada,Defender,Oshawa,NA,4/4/24
107,Chioma Grace,Ubogagu,Chioma,Ubogagu,C. Ubogagu,England,Attacker,London,NA,2/6/23
108,Carli Anne,Hollins,Carli,Lloyd,C. Lloyd,USA,Attacker,NA,NA,2/6/23
109,Anna María,Gilbertson Rojas,NA,NA,C. Gilbertson,Costa Rica,Attacker,Davis,NA,2/6/23
110,Caroline,Casey,NA,NA,C. Casey,USA,Goalkeeper,Chesapeake,NA,2/6/23
111,Theresa,Diederich,NA,NA,T. Diederich,USA,Midfielder,Ponte Vedra Beach,NA,2/6/23
112,Erica Marie,Skroski,Erica,Skroski,E. Skroski,USA,Defender,NA,NA,2/6/23
113,Shawna,Gordon,NA,NA,S. Gordon,USA,Midfielder,Los Angeles,NA,2/6/23
114,Jillian Ann,Loyden,Jill,Loyden,J. Loyden,USA,NA,Vineland,NA,2/6/23
115,Maya,Hayes,NA,NA,M. Hayes,USA,Attacker,Montclair,NA,2/6/23
116,Erin Dorothy,Simon,Erin,Simon,E. Simon,USA,Defender,Oakhurst,NA,2/6/23
117,Samantha,May Kerr,Sam,Kerr,S. Kerr,Australia,Attacker,Fremantle,NA,2/6/23
118,Courtney Kathryn 'Coco',Goodson,CoCo,Goodson,C. Goodson,USA,Defender,Ramona,NA,2/6/23
119,Raquel,Rodríguez Cedeño,Rocky,Rodríguez,R. Rodríguez,Costa Rica,Midfielder,San José,NA,4/4/24
120,Catherine,Zimmerman,Catherine,Zimmerman,C. Zimmerman,USA,Attacker,NA,NA,2/6/23
121,Caroline,Stanley,NA,NA,C. Stanley,USA,Goalkeeper,Oklahoma City,NA,2/6/23
122,Kelley Maureen,O'Hara,Kelley,O'Hara,K. O'Hara,USA,Defender,Fayetteville,NA,4/4/24
123,Nicole Leslie,Stanton,Nikki,Stanton,N. Stanton,USA,Midfielder,North Bend,NA,4/4/24
124,Danielle,Schulmann,Danielle,Schulmann,D. Schulmann,Israel,Attacker,Saddle River,NA,2/6/23
125,Rachel Margot,Breton,Rachel,Breton,R. Breton,USA,Attacker,Manalapan,NA,2/6/23
126,Kelly,Conheeney,NA,NA,K. Conheeney,USA,Midfielder,Ridgewood,NA,2/6/23
127,Taylor,Lytle,Taylor,Lytle,T. Lytle,USA,Midfielder,Las Cruces,NA,2/6/23
128,Erin Nicole,Nayler,Erin,Nayler,E. Nayler,New Zealand,Goalkeeper,Auckland,NA,2/6/23
129,Dominique Elyse,Richardson,Domi,Richardson,D. Richardson,USA,Midfielder,Fullerton,NA,2/6/23
130,Kristin,Grubka,NA,NA,K. Grubka,USA,Defender,Melbourne,NA,2/6/23
131,Leah Danielle,Galton,Leah,Galton,L. Galton,England,Midfielder,Harrogate,NA,2/6/23
132,Sarah,Woldmoe,Sarah,Woldmoe,S. Woldmoe,USA,Midfielder,Fort Wayne,NA,2/6/23
133,Ashley,Nick,Ashley,Nick,A. Nick,USA,Midfielder,Monrovia,NA,2/6/23
134,Kim,DeCesare,NA,NA,K. DeCesare,USA,Midfielder,Massapequa Park,NA,2/6/23
135,Christie,Pearce,Christie,Pearce,C. Pearce,USA,Defender,Fort Lauderdale,NA,2/6/23
136,Natasha,Kai,NA,NA,N. Kai,USA,Attacker,Kahuku,NA,2/6/23
137,Michelle,Cruz,NA,NA,M. Cruz,USA,Defender,Long Beach,NA,2/6/23
138,Hope,Solo,Hope,Solo,H. Solo,USA,Goalkeeper,Richland,NA,2/6/23
139,Beverly,Yanez,Beverly,Yanez,B. Yanez,USA,Midfielder,Moreno Valley,NA,2/6/23
140,Megan Anna,Rapinoe,Megan,Rapinoe,M. Rapinoe,USA,Attacker,Redding,NA,9/3/23
141,Kiersten,Dallstream,Kiersten,Dallstream,K. Dallstream,USA,Attacker,Kirksville,NA,2/6/23
142,Gabriëlla Maria,Melis,Manon,Melis,M. Melis,Netherlands,Attacker,NA,NA,2/6/23
143,Kim Alison,Little,Kim,Little,K. Little,Scotland,Midfielder,Mintlaw,NA,2/6/23
144,Carson Leighann,Pickett,Carson,Pickett,C. Pickett,USA,Defender,Spartanburg,NA,4/4/24
145,Havana Marguerite,Solaun,Havana,Solaun,H. Solaun,Jamaica,Midfielder,NA,NA,4/4/24
146,Nahomi,Kawasumi,Nahomi,Kawasumi,N. Kawasumi,Japan,Midfielder,Yamato,NA,9/3/23
147,Abigail,Steele,NA,NA,A. Steele,USA,Goalkeeper,NA,NA,2/6/23
148,Elli Kayla,Reed,Elli,Reed,E. Reed,USA,Defender,Salt Lake City,NA,2/6/23
149,Keelin,Winters,Keelin,Winters,K. Winters,USA,Midfielder,Cleveland,NA,2/6/23
150,Lauren Kate,Barnes,Lauren,Barnes,L. Barnes,USA,Defender,Arcadia,NA,4/4/24
151,Lindsay,Elston,NA,NA,L. Elston,USA,Midfielder,McMurray,NA,2/6/23
152,Paige Kathleen,Nielsen,Paige,Nielsen,P. Nielsen,USA,Defender,Lincoln,NA,4/4/24
153,Jessica Anne,Fishlock,Jess,Fishlock,J. Fishlock,Wales,Midfielder,Cardiff,NA,4/4/24
154,Haley Judith,Kopmeyer,Haley,Kopmeyer,H. Kopmeyer,USA,Goalkeeper,Troy,NA,2/6/23
155,Merritt Elizabeth,Mathias,Merritt,Mathias,M. Mathias,USA,Defender,Birmingham,NA,4/4/24
156,Andi,Tostanoski,NA,NA,A. Tostanoski,USA,Goalkeeper,Colorado Springs,NA,2/6/23
157,Kendall Lorraine,Fletcher,Kendall,Fletcher,K. Fletcher,USA,Defender,Cary,NA,2/6/23
158,Rachel Louise,Corsie,Rachel,Corsie,R. Corsie,Scotland,Defender,Aberdeen,NA,2/6/23
159,Rumi,Utsugi,Rumi,Utsugi,R. Utsugi,Japan,Defender,Kanagawa,NA,2/6/23
160,McKenzie,Berryhill,McKenzie,Berryhill,M. Berryhill,USA,Defender,Phoenix,NA,2/6/23
161,Allie,Wisner,NA,NA,A. Wisner,USA,Attacker,Bozeman,NA,2/6/23
162,Becky,Edwards,Becky,Edwards,B. Edwards,USA,Midfielder,Downingtown,NA,2/6/23
163,Josee,Belanger,Josée,Bélanger,J. Belanger,Canada,Defender,Coaticook,NA,2/6/23
164,Monica,Hickmann Alves,Mônica,Hickmann Alves,Mônica,Brazil,Defender,Porto Alegre,Mônica Hickmann,2/6/23
165,Camille,Levin,NA,NA,C. Levin,USA,Defender,Newport Coast,NA,2/6/23
166,Toni Deion,Pressley,Toni,Pressley,T. Pressley,USA,Defender,Melbourne,NA,2/6/23
167,Leah Lynn Gabriela,Fortune,NA,NA,Leah,Brazil,Defender,São Paulo,NA,2/6/23
168,Sarah,Hagen,NA,NA,S. Hagen,USA,Attacker,Appleton,NA,2/6/23
169,Kaylyn,Kyle,Kaylyn,Kyle,K. Kyle,Canada,Midfielder,Saskatoon,NA,2/6/23
170,Jamia Ayanna,Fields,Jamia,Fields,J. Fields,USA,Attacker,Alta Loma,NA,2/6/23
171,Kaitlyn,Savage,NA,NA,K. Savage,USA,Goalkeeper,NA,NA,2/6/23
172,Ashlyn Michelle,Harris,Ashlyn,Harris,A. Harris,USA,Goalkeeper,Satellite Beach,NA,2/6/23
173,Lisa Marie,De Vanna,Lisa,De Vanna,L. De Vanna,Australia,Attacker,Fremantle,NA,2/6/23
174,Danielle Marie,Weatherholt,Dani,Weatherholt,D. Weatherholt,USA,Midfielder,San Clemente,NA,4/4/24
175,Kim,Reynolds,NA,NA,K. Reynolds,USA,Midfielder,NA,NA,2/6/23
176,Madlyn Whitney,Evans,Madlyn,Evans,M. Evans,USA,Midfielder,Philadelphia,NA,2/6/23
177,Megan,Dorsey,NA,NA,M. Dorsey,USA,Goalkeeper,Melbourne,NA,2/6/23
178,Lianne,Sanderson,Lianne,Sanderson,L. Sanderson,England,Attacker,Watford,NA,2/6/23
179,Sam,Witteman,NA,NA,S. Witteman,USA,Midfielder,Redondo Beach,NA,2/6/23
180,Christina Marie,Burkenroad Sandoval,Christina,Burkenroad,C. Burkenroad,USA,Attacker,La Jolla,NA,2/6/23
181,Kristen Nicole,Edmonds,Kristen,Edmonds,K. Edmonds,USA,Defender,Metuchen,NA,4/4/24
182,Aubrey Renee,Kingsbury,Aubrey,Kingsbury,A. Kingsbury,USA,Goalkeeper,Cincinnati,NA,4/4/24
183,Laura Colleen Gloria,Brock,Laura,Brock,L. Brock,Australia,Defender,Melbourne,NA,2/6/23
184,Stephanie-Elise,Catley,Stephanie-Elise,Catley,S. Catley,Australia,Defender,Melbourne,NA,2/6/23
185,Jasmyne Bryanne,Spencer,Jasmyne,Spencer,J. Spencer,USA,Attacker,Bay Shore,NA,4/4/24
186,Sierra,Lelii,NA,NA,S. Lelii,USA,Midfielder,Seminole,NA,2/6/23
187,Alexandra,Morgan Carrasco,Alex,Morgan,A. Morgan,USA,Attacker,San Dimas,NA,4/4/24
188,Hayley Emma,Raso,Hayley,Raso,H. Raso,Australia,Attacker,Brisbane,NA,2/6/23
189,Katherine,Reynolds,Katherine,Reynolds,K. Reynolds,USA,Defender,San Clemente,NA,2/6/23
190,Emily Ann,Sonnett,Emily,Sonnett,E. Sonnett,USA,Defender,Marietta,NA,4/4/24
191,Amandine Chantal,Henry,Amandine,Henry,A. Henry,France,Midfielder,Lille,NA,4/4/24
192,Shade,Pratt,NA,NA,S. Pratt,USA,Defender,Rosemount,NA,2/6/23
193,Adrianna Nichole,Franch,Adrianna,Franch,A. Franch,USA,Goalkeeper,"Salina, KS",NA,4/4/24
194,Kendall Elizabeth,Johnson,Kendall,Johnson,K. Johnson,USA,Defender,Portland,NA,2/6/23
195,Mallory Alyse,Weber,Mallory,Weber,M. Weber,USA,Defender,"Novi, MI",NA,4/4/24
196,Emily,Townsend Menges,Emily,Menges,E. Menges,USA,Defender,Garden City,NA,4/4/24
197,Emily,Kruger,NA,NA,E. Kruger,USA,Goalkeeper,Woodside,NA,2/6/23
198,Lindsey Michelle,Horan,Lindsey,Horan,L. Horan,USA,Midfielder,Lakewood,NA,9/3/23
199,Kathryn,Williamson,Kat,Williamson,K. Williamson,USA,Defender,Dallas,NA,2/6/23
200,Michelle Jenny,Betos,Michelle,Betos,M. Betos,USA,Goalkeeper,New York City,NA,4/4/24
201,Dagný,Brynjarsdóttir,Dagny,Brynjarsdóttir,D. Brynjarsdóttir,Iceland,Midfielder,Hella,NA,2/6/23
202,Nadia,Nadim,Nadia,Nadim,N. Nadim,Denmark,Attacker,Herat,NA,9/3/23
203,Celeste Anais,Boureille,Celeste,Boureille,C. Boureille,USA,Midfielder,San Francisco,NA,2/6/23
204,Samantha Jane,Lofton,NA,NA,S. Lofton,USA,Defender,Lock Haven,NA,2/6/23
205,Meghan Elizabeth,Klingenberg,Meghan,Klingenberg,M. Klingenberg,USA,Defender,Pittsburgh,NA,4/4/24
206,Jennifer,Skogerboe,NA,NA,J. Skogerboe,USA,Midfielder,NA,NA,2/6/23
207,Christine Margaret,Sinclair,Christine,Sinclair,C. Sinclair,Canada,Attacker,Burnaby,NA,4/4/24
208,Meleana,Shim,Meleana,Shim,M. Shim,USA,Midfielder,Honolulu,NA,9/3/23
209,Tobin,Powell Heath,Tobin,Heath,T. Heath,USA,Attacker,Morristown,NA,2/6/23
210,Meagan Alexandra,Morris,NA,NA,M. Morris,USA,Attacker,Montclair,NA,2/6/23
211,Alexandra Linsley,Long Batista,Allie,Long,A. Long,USA,Midfielder,Huntington,NA,9/3/23
212,Maureen,Fitzgerald,Maureen,Fitzgerald,M. Fitzgerald,USA,Midfielder,Beaverton,NA,2/6/23
213,Shelina Laura,Zadorsky,Shelina,Zadorsky,S. Zadorsky,Canada,Defender,London,NA,2/6/23
214,Cali Jean,Farquharson,Cali,Farquharson,C. Farquharson,USA,Attacker,Phoenix,NA,2/6/23
215,Crystal Alyssia,Soubrier,Crystal,Dunn,C. Dunn,USA,Midfielder,New Hyde Park,NA,4/4/24
216,Christine Marie,Nairn,Christine,Nairn,C. Nairn,USA,Midfielder,Annapolis,NA,2/6/23
217,Estefanía Romina,Banini Ruiz,Estefanía,Banini,E. Banini,Argentina,Midfielder,Mendoza,NA,2/6/23
218,Cheyna Lee,Williams Matthews,Cheyna,Matthews,C. Matthews,Jamaica,Attacker,Hampton,NA,9/3/23
219,Kelsey,Wys,NA,NA,K. Wys,USA,Goalkeeper,Coral Springs,NA,2/6/23
220,Alexandra Blaire,Krieger,Ali,Krieger,A. Krieger,USA,Defender,Dumfries,NA,9/3/23
221,Caprice Ka'anohikula,Dydasco,Caprice,Dydasco,C. Dydasco,USA,Defender,Honolulu,NA,4/4/24
222,Alyssa,Kleiner,NA,NA,A. Kleiner,USA,Defender,Las Vegas,NA,2/6/23
223,Allison,Palisch,Alli,Palisch,A. Palisch,Republic of Ireland,Midfielder,Plano,NA,2/6/23
224,Estelle Laura,Johnson,Estelle,Johnson,E. Johnson,Cameroon,Defender,Maroua,NA,4/4/24
225,Whitney,Church,NA,NA,W. Church,USA,Defender,Ashburn,NA,2/6/23
226,Megan Leigh,Montefusco,Megan,Montefusco,M. Montefusco,USA,Defender,Naperville,NA,4/4/24
227,Victoria Lauren,Huster,Tori,Huster,T. Huster,USA,Midfielder,Cincinnati,NA,9/3/23
228,Haley,Rosen,NA,NA,H. Rosen,USA,Attacker,Rolling Hills,NA,2/6/23
229,Dijana,Haračić,DiDi,Haracic,D. Haračić,Bosnia and Herzegovina,Goalkeeper,Sarajevo,NA,4/4/24
230,Francisca,Ordega,Francisca,Ordega,F. Ordega,Nigeria,Attacker,Gboko,NA,2/6/23
231,Joanna Christie,Lohman,Joanna,Lohman,J. Lohman,USA,Midfielder,Silver Spring,NA,2/6/23
232,Diana Beverly,Matheson,Diana,Matheson,D. Matheson,Canada,Midfielder,Oakville,NA,2/6/23
233,Stephanie Lynn Marie,Farsø,Stephanie,Labbé,S. Labbé,Canada,Goalkeeper,Edmonton,NA,2/6/23
234,Katherine Nicole,Stengel,Katie,Stengel,K. Stengel,USA,Attacker,Melbourne,NA,4/4/24
235,Line,Sigvardsen Jensen,Line,Sigvardsen Jensen,L. Jensen,Denmark,Midfielder,Farsø,Line Jensen,2/6/23
236,Janice,Cayman,Janice,Cayman,J. Cayman,Belgium,Defender,Brasschaat,NA,2/6/23
237,Makenzy Allyson,Doniak,Makenzy,Doniak,M. Doniak,USA,Attacker,Chino Hills,NA,4/4/24
238,Michaela,Hahn,NA,NA,M. Hahn,USA,Midfielder,Titusville,NA,2/6/23
239,Jessica Marie,McDonald,Jess,McDonald,J. McDonald,USA,Attacker,Phoenix,NA,9/3/23
240,Adriana Kristina,Leon,Adriana,Leon,A. Leon,Canada,Attacker,Mississauga,NA,9/3/23
241,Elizabeth Hunt,Eddy,Elizabeth,Eddy,E. Eddy,USA,Defender,Costa Mesa,NA,4/4/24
242,Samantha June,Mewis,Sam,Mewis,S. Mewis,USA,Midfielder,Hanson,NA,9/3/23
243,Abby May,Erceg,Abby,Erceg,A. Erceg,New Zealand,Defender,Whangarei,NA,4/4/24
244,Courtney,Niemiec,NA,NA,C. Niemiec,USA,Defender,Philadelphia,NA,2/6/23
245,Alanna Stephanie,Kennedy,Alanna,Kennedy,A. Kennedy,Australia,Defender,Campbelltown,NA,2/6/23
246,Abigail Lynn,Dahlkemper,Abby,Dahlkemper,A. Dahlkemper,USA,Defender,Lancaster,NA,4/4/24
247,Jaelene McKenzie,Daniels,Jaelene,Daniels,J. Daniels,USA,Defender,Denver,NA,2/6/23
248,Laura,Liedle,NA,NA,L. Liedle,USA,Defender,NA,NA,2/6/23
249,Taylor Nicole,Smith,Taylor,Smith,T. Smith,USA,Defender,Fort Worth,NA,4/4/24
250,Ga-Eul,Jeon,Ga-Eul,Jeon,Jeon Ga-Eul,Korea Republic,Attacker,Paju,Jeon Ga-Eul,2/6/23
251,Meredith Madeline,Speck,Meredith,Speck,M. Speck,USA,Midfielder,Rockville Centre,NA,4/4/24
252,Kristen Marie,Hamilton,Kristen,Hamilton,K. Hamilton,USA,Attacker,"Littleton, CO",NA,4/4/24
253,Britt Ellen,Eckerstrom,Britt,Eckerstrom,B. Eckerstrom,USA,Goalkeeper,Germantown,NA,2/6/23
254,Halimatu,Ibrahim Ayinde,Halimatu,Ayinde,H. Ayinde,Nigeria,Midfielder,Kaduna,NA,2/6/23
255,Lynn Raenie,Williams,Lynn,Williams,L. Williams,USA,Attacker,Fresno,NA,4/4/24
256,Lady Patricia,Andrade Rodríguez,Lady,Andrade,L. Andrade,Colombia,Attacker,Bogotá,NA,2/6/23
257,Sabrina Victoria,D'Angelo,Sabrina,D'Angelo,S. D'Angelo,Canada,Goalkeeper,Welland,NA,2/6/23
258,Ifeoma Chukwufumnaya,Onumonu,Ifeoma,Onumonu,I. Onumonu,Nigeria,Attacker,Rancho Cucamonga,NA,4/4/24
259,Hayley Jean,Dowd,NA,NA,H. Dowd,USA,Attacker,NA,NA,2/6/23
260,Emilie,Bosshard Haavi,Emilie,Haavi,E. Haavi,Norway,Attacker,Bærum,NA,2/6/23
261,Rosemary Kathleen,Lavelle,Rose,Lavelle,R. Lavelle,USA,Midfielder,Cincinnati,NA,4/4/24
262,Morgan,Andrews,Morgan,Andrews,M. Andrews,USA,Midfielder,Milford,NA,2/6/23
263,Margaret Melinda,Williams-Purce,Midge,Purce,M. Purce,USA,Attacker,Olney,NA,4/4/24
264,Jamie,Gillis,NA,NA,J. Gillis,USA,Goalkeeper,Billerica,NA,2/6/23
265,Rosemary Eleanor Florence,White,Rosie,White,R. White,New Zealand,Midfielder,Auckland,NA,2/6/23
266,Sammy Jo,Prudhomme,Sammy Jo,Prudhomme,S. Prudhomme,USA,Goalkeeper,Aliso Viejo,NA,2/6/23
267,Morgan,Proffitt,Morgan,Proffitt,M. Proffitt,USA,Midfielder,Columbus,NA,2/6/23
268,Summer,Green,NA,NA,S. Green,USA,Attacker,Bloomington,NA,2/6/23
269,Lauren,Kaskie,NA,NA,L. Kaskie,USA,Midfielder,Reno,NA,2/6/23
270,Yuki,Nagasato,Yuki,Nagasato,Y. Nagasato,Japan,Attacker,Atsugi,NA,4/4/24
271,Amy,Rodriguez,Amy,Rodriguez,A. Rodriguez,USA,Attacker,Beverly Hills,NA,2/6/23
272,Caroline,Flynn,NA,NA,C. Flynn,USA,Midfielder,Lincoln,NA,2/6/23
273,Sydney Rae,Leroux,Sydney,Leroux,S. Leroux,USA,Attacker,Surrey,NA,4/4/24
274,Maegan,Kelly,Maegan,Kelly,M. Kelly,Canada,Midfielder,Kansas City,Maegan Rosa,2/6/23
275,Sydney,Miramontez,Sydney,Miramontez,S. Miramontez,USA,Defender,Lenexa,NA,2/6/23
276,Christina,Gibbons,NA,NA,C. Gibbons,USA,Defender,Raleigh,NA,2/6/23
277,Claire,Falknor,Claire,Falknor,C. Falknor,USA,Midfielder,Dayton,NA,2/6/23
278,Nichelle Patrice,Prince Joseph,Nichelle,Prince,N. Prince,Canada,Attacker,"Ajax, Ontario",NA,4/4/24
279,Carolyn Jane,Campbell,Jane,Campbell,J. Campbell,USA,Goalkeeper,Kennesaw,NA,4/4/24
280,Bruna Beatriz,Benites Soares,Bruna Beatriz,Benites Soares,Bruna Benites,Brazil,Defender,Cuiabá,Bruna Benites,2/6/23
281,Janine,van Wyk,Janine,van Wyk,J. van Wyk,South Africa,Defender,Alberton,NA,2/6/23
282,Meghan,Cox,NA,NA,M. Cox,USA,Midfielder,Springfield,NA,2/6/23
283,Kailen Mary,Iacovoni Sheridan,Kailen,Sheridan,K. Sheridan,Canada,Goalkeeper,Pickering,NA,4/4/24
284,Miranda Alexis,Freeman,Mandy,Freeman,M. Freeman,USA,Defender,Royal Palm Beach,NA,4/4/24
285,Kayla,Mills,NA,NA,K. Mills,USA,Defender,West Covina,NA,2/6/23
286,Daphné Marie,Corboz,NA,NA,D. Corboz,France,Midfielder,Greenbrook,NA,2/6/23
287,McKenzie,Meehan,McKenzie,Meehan,M. Meehan,USA,Midfielder,Glocester,NA,2/6/23
288,Cassidy,Benintente,Cassidy,Benintente,C. Benintente,USA,Defender,NA,NA,2/6/23
289,Madison,Tiernan,Madison,Tiernan,M. Tiernan,USA,Midfielder,NA,NA,2/6/23
290,Yuri,Kawamura,Yuri,Kawamura,Y. Kawamura,Japan,Defender,Niigata,NA,2/6/23
291,Darian Michelle,Jenkins,Darian,Jenkins,D. Jenkins,USA,Attacker,Murray,NA,2/6/23
292,Débora Cristiane,de Oliveira,Débora Cristiane,de Oliveira,Debinha,Brazil,Midfielder,Brasópolis,Debinha,4/4/24
293,Rosana,dos Santos Augusto,Rosana,dos Santos Augusto,Rosana,Brazil,Midfielder,São Paulo,Rosana,2/6/23
294,Ashley Marie,Hatch,Ashley,Hatch,A. Hatch,USA,Attacker,Gilbert,NA,4/4/24
295,Nora,Holstad Berge,Nora,Holstad Berge,N. Holstad,Norway,Defender,Oslo,NA,2/6/23
296,Madeline,Bauer,NA,NA,M. Bauer,USA,Defender,Newport Beach,NA,2/6/23
297,Madalyn,Schiffel,NA,NA,M. Schiffel,USA,Goalkeeper,Roseville,NA,2/6/23
298,Katlyn Alicia,Johnson Carreón,Katie,Johnson,K. Johnson,Mexico,Attacker,Monrovia,NA,4/4/24
299,Kristen Claire,McNabb,Kristen,McNabb,K. McNabb,USA,Defender,Montville,NA,4/4/24
300,Rebekah Ashley,Stott,Rebekah,Stott,R. Stott,New Zealand,Defender,Papamoa,NA,2/6/23
301,Larissa Rose,Crummer,Larissa,Crummer,L. Crummer,Australia,Attacker,Nambour,NA,2/6/23
302,Rachel Morgan,Hill,Rachel,Hill,R. Hill,USA,Attacker,Rollinsford,NA,4/4/24
303,Danica,Evans,Danica,Evans,D. Evans,USA,Attacker,Littleton,NA,2/6/23
304,Jordan,O'Brien,NA,NA,J. O'Brien,USA,Midfielder,Anaheim,NA,2/6/23
305,Jocelyn,Blankenship,NA,NA,J. Blankenship,USA,Midfielder,NA,NA,2/6/23
306,Camila,Martins Pereira,Camila,Martins Pereira,Camilinha,Brazil,Midfielder,São Bento do Sul,Camilinha,2/6/23
307,Nickolette Taylor,Driesse,Nickolette,Driesse,N. Driesse,Puerto Rico,Midfielder,Wayne,NA,2/6/23
308,Marta,Vieira da Silva Veiga,Marta,Vieira da Silva Veiga,Marta,Brazil,Attacker,Dois Riachos,Marta,4/4/24
309,Kelli,Hubly,Kelli,Hubly,K. Hubly,USA,Defender,Elk Grove,NA,4/4/24
310,Ashleigh,Sykes,Ashleigh,Sykes,A. Sykes,Australia,Attacker,Dubbo,NA,2/6/23
311,Savannah,Jordan,NA,NA,S. Jordan,USA,Attacker,NA,NA,2/6/23
312,Tyler,Tompkins Lussi,Tyler,Lussi,T. Lussi,USA,Attacker,Lutherville,NA,4/4/24
313,Ashley,Herndon,Ashley,Herndon,A. Herndon,USA,Midfielder,Ashburn,NA,2/6/23
314,Lindsay Elizabeth,Agnew,Lindsay,Agnew,L. Agnew,Canada,Attacker,Kingston,NA,2/6/23
315,Arielle Leah,Ship,Arielle,Ship,A. Ship,USA,Attacker,Westlake Village,NA,2/6/23
316,Cameron,Castleberry,NA,NA,C. Castleberry,USA,Midfielder,Raleigh,NA,2/6/23
317,Megan,Dougherty Howard,Meggie,Dougherty Howard,M. Dougherty Howard,USA,Midfielder,Largo,NA,4/4/24
318,Mallory Diane,Swanson,Mallory,Swanson,M. Swanson,USA,Attacker,Highlands Ranch,NA,4/4/24
319,Crystal Elaine Marie,Thomas,Crystal,Thomas,C. Thomas,USA,Attacker,Elgin,NA,2/6/23
320,Yanara Katherine Nicole,Aedo Muñoz,Yanara,Aedo,Y. Aedo,Chile,Attacker,Temuco,NA,2/6/23
321,Joanna,Boyles,Joanna,Boyles,J. Boyles,USA,Defender,Raleigh,NA,2/6/23
322,Zoey,Goralski,Zoey,Goralski,Z. Goralski,USA,Defender,Naperville,NA,2/6/23
323,Jennifer Michele,Vasconcelos,Michele,Vasconcelos,M. Vasconcelos,USA,Midfielder,Sandy,NA,4/4/24
324,Ryann Danielle,Torrero Rojas,Ryan,Torrero,R. Torrero,Chile,Goalkeeper,Burbank,NA,2/6/23
325,Emily Nicole,Boyd,Emily,Boyd,E. Boyd,USA,Goalkeeper,Seattle,NA,9/3/23
326,Chandra,Eigenberger,NA,NA,C. Eigenberger,USA,Defender,NA,NA,2/6/23
327,Erin,Yenney,NA,NA,E. Yenney,USA,Midfielder,Troy,NA,2/6/23
328,Chrestinah Thembi,Kgatlana,Thembi,Kgatlana,T. Kgatlana,South Africa,Attacker,Mohlakeng,NA,9/3/23
329,Linda Maserame,Motlhalo,Linda,Motlhalo,L. Motlhalo,South Africa,Midfielder,Brandvlei,NA,4/4/24
330,Haley Jean,McCutcheon,Haley,McCutcheon,H. McCutcheon,USA,Defender,Overland Park,NA,4/4/24
331,Allison,Wetherington,NA,NA,A. Wetherington,USA,Midfielder,Shreveport,NA,2/6/23
332,Clare Elizabeth,Polkinghorne,Clare,Polkinghorne,C. Polkinghorne,Australia,Defender,Brisbane,NA,2/6/23
333,Kimberly,Keever,NA,NA,K. Keever,USA,Defender,Manhattan Beach,NA,2/6/23
334,Sydney,Babineaux,NA,NA,S. Babineaux,USA,Midfielder,NA,NA,2/6/23
335,Veronica Anne,Latsko,Veronica,Latsko,V. Latsko,USA,Attacker,Venetia,NA,4/4/24
336,Imani Michelle,Dorsey,Imani,Dorsey,I. Dorsey,USA,Defender,Elkridge,NA,4/4/24
337,Amandine,Pierre-Louis,Amandine,Pierre-Louis,A. Pierre-Louis,Canada,Defender,NA,NA,2/6/23
338,Michaela-Batya Bisi,Abam,Michaela,Abam,M. Abam,Cameroon,Attacker,Houston,NA,3/23/23
339,Gabriella Elizabeth,Cuevas Reyes,Gabriella,Cuevas,G. Cuevas,Dominican Republic,Defender,NA,Gabby Cuevas,2/6/23
340,Savannah Elizabeth,McCaskill,Savannah,McCaskill,S. McCaskill,USA,Midfielder,Chapin,NA,4/4/24
341,Kaycee,Gunion,NA,NA,K. Gunion,USA,Goalkeeper,NA,NA,2/6/23
342,Thaisa,de Moraes Rosa Moreno,Thaisa,de Moraes Rosa Moreno,Thaisa,Brazil,Midfielder,NA,Thaisa Moreno,2/6/23
343,Eliza,Bona,NA,NA,E. Bona,USA,Midfielder,NA,NA,2/6/23
344,Kaleigh Nicole,Kurtz,Kaleigh,Kurtz,K. Kurtz,USA,Defender,Greer,NA,4/4/24
345,Ryan Emilie,Williams,Ryan,Williams,R. Williams,USA,Defender,Centennial,NA,4/4/24
346,Tori Elizabeth,Hansen,Tori,Hansen,T. Hansen,USA,Defender,NA,NA,4/4/24
347,Morgan Nicole,Reid,Morgan,Reid,M. Reid,USA,Defender,NA,NA,2/6/23
348,Frannie,Crouse,NA,NA,F. Crouse,USA,Attacker,Greensburg,NA,2/6/23
349,Sarah Marie,Teegarden,NA,NA,S. Teegarden,USA,Midfielder,Arcadia,NA,2/6/23
350,Carlin,Hudson,Carlin,Hudson,C. Hudson,USA,Midfielder,NA,NA,2/6/23
351,Julia,Aronov,NA,NA,J. Aronov,USA,Midfielder,New Hyde Park,NA,2/6/23
352,Jodie Lee,Taylor,Jodie,Taylor,J. Taylor,England,Attacker,Birkenhead,NA,2/6/23
353,Joelle Catherine,Johnson,Joelle,Johnson,J. Johnson,USA,Attacker,NA,NA,2/6/23
354,Adelaide Anne,Gay,Adelaide,Gay,A. Gay,USA,Goalkeeper,Princeton,NA,2/6/23
355,Elizabeth,Addo,Elizabeth,Addo,E. Addo,Ghana,Attacker,NA,NA,2/6/23
356,Theresa,Eslund,Theresa,Eslund,T. Eslund,Denmark,Defender,NA,NA,2/6/23
357,Christine,Creighton,NA,NA,C. Creighton,USA,Attacker,Palm Beach Gardens,NA,2/6/23
358,Sydney Abigail,Elinsky,Abby,Elinsky,A. Elinsky,USA,Midfielder,West Chester,NA,2/6/23
359,Nádia Filipa,Gomes Coelho,Nádia Filipa,Gomes Coelho,Nádia Gomes,Portugal,Attacker,Viseu,Nádia Gomes,4/4/24
360,Emily Louise,van Egmond,Emily,van Egmond,E. van Egmond,Australia,Midfielder,Newcastle,NA,4/4/24
361,Bridget,Callahan,Bridget,Callahan,B. Callahan,USA,Midfielder,NA,NA,2/6/23
362,Sarah,Shimer,NA,NA,S. Shimer,USA,Goalkeeper,NA,NA,2/6/23
363,Lotta Linnea,Ökvist,Lotta,Okvist,L. Ökvist,Sweden,Defender,NA,NA,2/6/23
364,Annabella Madeleine,Bixby,Bella,Bixby,B. Bixby,USA,Goalkeeper,Milwaukie,NA,4/4/24
365,Elizabeth Rose,Ball,Elizabeth,Ball,E. Ball,USA,Defender,Richmond,NA,4/4/24
366,Sandra,Yu,NA,NA,S. Yu,USA,Midfielder,Strongsville,NA,2/6/23
367,Simone Naomi,Charley,Simone,Charley,S. Charley,USA,Attacker,Boston,NA,4/4/24
368,Ellie Madison,Carpenter,Ellie,Carpenter,E. Carpenter,Australia,Defender,Cowra,NA,2/6/23
369,Ana-Maria,Crnogorčević,Ana-Maria,Crnogorcevic,A. Crnogorčević,Switzerland,Defender,Steffisburg,NA,2/6/23
370,Kimberly Alexis,Boulos,NA,NA,K. Boulos,Haiti,Attacker,NA,NA,2/6/23
371,Riley,Smith,Riley,Smith,R. Smith,USA,Defender,NA,NA,2/6/23
372,Bobbi,Eckler,NA,NA,B. Eckler,USA,Midfielder,NA,NA,2/6/23
373,Caitlin Jade,Foord,Caitlin,Foord,C. Foord,Australia,Attacker,Shellharbour,NA,2/6/23
374,Emma Jane,Proctor,NA,NA,E. Proctor,USA,Goalkeeper,NA,NA,2/6/23
375,Collette,Smith,NA,NA,C. Smith,USA,Midfielder,NA,NA,2/6/23
376,Gunnhildur Yrsa,Jónsdóttir,Gunny,Jónsdóttir,G. Jónsdóttir,Iceland,Midfielder,NA,NA,2/6/23
377,Katrina-Lee,Gorry,Katrina,Gorry,K. Gorry,Australia,Midfielder,Sunnybank,NA,2/6/23
378,Becca,Ritchie,NA,NA,B. Ritchie,USA,Goalkeeper,NA,NA,2/6/23
379,Elise,Hove Thorsnes,Elise,Thorsnes,E. Thorsnes,Norway,Attacker,Leikanger,NA,2/6/23
380,Mallory,Eubanks,Mallory,Eubanks,M. Eubanks,USA,Attacker,Lexington,NA,2/6/23
381,Morgan,Ruhl,NA,NA,M. Ruhl,USA,Goalkeeper,NA,NA,2/6/23
382,NA,Quinn,NA,Quinn,Quinn,Canada,Midfielder,Toronto,Quinn,4/4/24
383,Andi Maureen,Sullivan,Andi,Sullivan,A. Sullivan,USA,Midfielder,Honolulu,NA,4/4/24
384,Maddie,Huster,NA,NA,M. Huster,USA,Midfielder,NA,NA,2/6/23
385,Zoe,Clark,NA,NA,Z. Clark,USA,Defender,NA,NA,2/6/23
386,Schuyler,DeBree,Schuyler,DeBree,S. DeBree,USA,Defender,NA,NA,2/6/23
387,María Guadalupe,Sánchez Morales,María,Sánchez,M. Sánchez,Mexico,Attacker,Nampa,NA,4/4/24
388,Jenna,Szczesny,Jenna,Szczesny,J. Szczesny,USA,Attacker,NA,NA,2/6/23
389,Hannah Elise,Davison,Hannah,Davison,H. Davison,USA,Defender,Geneva,NA,2/6/23
390,Mackenzie Elizabeth,Arnold,Mackenzie,Arnold,M. Arnold,Australia,Goalkeeper,Gold Coast,NA,2/6/23
391,Tierna Lillis,Davidson,Tierna,Davidson,T. Davidson,USA,Defender,Menlo Park,NA,4/4/24
392,Megan,Hinz,Megan,Hinz,M. Hinz,USA,Goalkeeper,NA,NA,2/6/23
393,Madalyn Ann,Pokorny,Maddie,Pokorny,M. Pokorny,USA,Midfielder,St. Louis,NA,4/4/24
394,Alison,Jahansouz,Alison,Jahansouz,A. Jahansouz,USA,Goalkeeper,NA,NA,2/6/23
395,Kayla Lynne,Sharples,Kayla,Sharples,K. Sharples,USA,Defender,Chicago,NA,4/4/24
396,Jorian Nicole,Baucom,Jorian,Baucom,J. Baucom,USA,Attacker,Scottsdale,NA,2/6/23
397,Arianna Jeanette,Romero Tellez,Arianna,Romero,A. Romero,Mexico,Defender,Glendale,NA,2/6/23
398,Ariana Catrina,Calderón Valdez,Ariana,Calderón,A. Calderón,Mexico,Attacker,Sacramento,NA,2/6/23
399,Allyson Paige,Haran,Ally,Haran,A. Haran,USA,Defender,NA,NA,2/6/23
400,Elizabeth Lane,Brandon,Elizabeth,Brandon,E. Brandon,USA,Midfielder,NA,Betsy Brandon,2/6/23
401,Satara Melonie,Murray,Satara,Murray,S. Murray,Jamaica,Defender,New York,NA,9/3/23
402,Cecelia Anne,Kizer,Cece,Kizer,C. Kizer,USA,Attacker,Overland Park,NA,4/4/24
403,Sophie Diana,Schmidt,Sophie,Schmidt,S. Schmidt,Canada,Midfielder,Winnipeg,NA,4/4/24
404,Jazmin Nichole,Jackmon,Jazmin,Jackmon,J. Jackmon,USA,Defender,Pasadena,NA,2/6/23
405,Ally Samantha,Prisock,Ally,Prisock,A. Prisock,USA,Defender,Fontana,NA,9/3/23
406,Kayla Jay,McKenna,Kayla,McKenna,K. McKenna,Jamaica,Attacker,Skokie,NA,2/6/23
407,Devon Angela,Kerr,Devon,Kerr,D. Kerr,Canada,Goalkeeper,Barrie,NA,9/3/23
408,Paige Quinn,Monaghan,Paige,Monaghan,P. Monaghan,USA,Attacker,Roxbury Township,NA,4/4/24
409,Nicole Alexandra,Baxter,Nicole,Baxter,N. Baxter,USA,Midfielder,NA,NA,2/6/23
410,Sabrina Inés,Flores Grigoriu,Sabrina,Flores,S. Flores,Mexico,Defender,NA,NA,9/3/23
411,Gina Loren,Lewandowski,Gina,Lewandowski,G. Lewandowski,USA,Defender,Bethlehem,NA,2/6/23
412,Kenie,Wright,Kenie,Wright,K. Wright,USA,Midfielder,NA,NA,2/6/23
413,Julie,James,Julie,Doyle,J. James,USA,Midfielder,NA,NA,2/6/23
414,Kaylan Jenna,Marckese,Kaylan,Marckese,K. Marckese,USA,Goalkeeper,NA,NA,2/6/23
415,Francisca Gabriela,Morais da Rocha,Francisca Gabriela,Morais da Rocha,Gabi Morais,Brazil,Midfielder,NA,Gabi Morais,2/6/23
416,Samantha,Leshnak Murphy,Samantha,Leshnak Murphy,S. Murphy,USA,Goalkeeper,NA,Sam Murphy,2/6/23
417,Leah,Pruitt,Leah,Pruitt,L. Pruitt,USA,Attacker,NA,NA,9/3/23
418,Peyton,Leigh Perea,Peyton,Perea,P. Perea,USA,Midfielder,NA,NA,2/6/23
419,Shannon,Horgan,Shannon,Horgan,S. Horgan,USA,Midfielder,"Long Beach, NY",NA,2/6/23
420,Julia,Spetsmark,Julia,Spetsmark,J. Spetsmark,Sweden,Attacker,NA,NA,2/6/23
421,Lauren,Milliet Stopforth,Lauren,Milliet,L. Milliet,USA,Midfielder,Durango,NA,4/4/24
422,Hailey,Harbison,Hailey,Harbison,H. Harbison,USA,Defender,NA,NA,2/6/23
423,Kori,Butterfield,NA,NA,K. Butterfield,USA,Goalkeeper,NA,NA,2/6/23
424,Casey Grace,Murphy,Casey,Murphy,C. Murphy,USA,Goalkeeper,Bridgewater,NA,4/4/24
425,Celia,Jiménez Delgado,Celia,Jiménez,Celia Jiménez,Spain,Defender,Alcaudete,NA,4/4/24
426,Bethany Catherine,Balcer,Bethany,Balcer,B. Balcer,USA,Attacker,Hudsonville,NA,4/4/24
427,Elise,Kellond-Knight,Elise,Kellond-Knight,E. Kellond-Knight,Australia,Defender,Southport,NA,2/6/23
428,Addison,Steiner,Addison,Steiner,A. Steiner,USA,Attacker,NA,NA,2/6/23
429,Scout,Watson,Scout,Watson,S. Watson,USA,Goalkeeper,NA,NA,2/6/23
430,Stephanie Renee,Cox,Stephanie,Cox,S. Cox,USA,Defender,San Jose,NA,2/6/23
431,Alika Isis,Keene,Alika,Keene,A. Keene,Jamaica,Defender,NA,NA,2/6/23
432,Taylor Lauren,Porter,Taylor,Porter,T. Porter,USA,Midfielder,NA,NA,9/3/23
433,Claire,Emslie,Claire,Emslie,C. Emslie,Scotland,Attacker,Edinburgh,NA,4/4/24
434,Marisa Marie,DiGrande,Marisa,DiGrande,M. DiGrande,USA,Midfielder,Troy,NA,4/4/24
435,Erin Marie,Greening,Erin,Greening,E. Greening,USA,Defender,Piedmont,NA,2/6/23
436,Hana,Kerner,NA,NA,H. Kerner,USA,Defender,NA,NA,2/6/23
437,Elaine Margaret,Burdett,Lainey,Burdett,E. Burdett,USA,Goalkeeper,Las Vegas,NA,2/6/23
438,Caitlin,Farrell,Caitlin,Farrell,C. Farrel,USA,Defender,Raleigh,NA,2/6/23
439,Gabrielle Lorraine,Seiler,Gabby,Seiler,G. Seiler,USA,Midfielder,Peachtree City,NA,2/6/23
440,Katy,Byrne,Katy,Byrne,K. Byrne,USA,Midfielder,NA,NA,2/6/23
441,Marissa,Everett,Marissa,Everett,M. Everett,USA,Attacker,Canyon Lake,NA,2/6/23
442,Emily Helena,Curran,Emily,Curran,E. Curran,USA,Midfielder,Strongsville,NA,9/3/23
443,Madison,Pogarch,Madison,Pogarch,M. Pogarch,USA,Defender,Hartland,NA,4/4/24
444,Raisa,Strom-Okimoto,Raisa,Strom-Okimoto,R. Strom-Okimoto,USA,Attacker,Honolulu city,NA,2/6/23
445,Verónica,Boquete Giadans,Verónica,Boquete,Verónica Boquete,Spain,Midfielder,Santiago de Compostela,Vero,2/6/23
446,Melissa Anne,Lowder,Melissa,Lowder,M. Lowder,USA,Goalkeeper,San Diego,NA,4/4/24
447,Gabrielle Marie,Vincent,Gaby,Vincent,G. Vincent,USA,Midfielder,Columbia,NA,2/6/23
448,Madeline Marie,Nolf,Madeline,Nolf,M. Nolf,USA,Defender,Omaha,NA,2/6/23
449,Alexandra Amalia,Kimball Suarez,Alexandra,Kimball,A. Kimball,Peru,Attacker,Utah,NA,2/6/23
450,Michelle,Maemone,Michelle,Maemone,M. Maemone,USA,Defender,San Jose,NA,2/6/23
451,Samantha Keala,Staab,Sam,Staab,S. Staab,USA,Defender,San Diego,NA,4/4/24
452,Dorian Josey,Bailey,Dorian,Bailey,D. Bailey,USA,Midfielder,Mission,NA,4/4/24
453,Jordan Elisabeth,Baggett,Jordan,Baggett,J. Baggett,USA,Midfielder,Highlands Ranch,NA,4/4/24
454,Tegan Ann,McGrady,Tegan,McGrady,T. McGrady,USA,Defender,San Jose,NA,9/3/23
455,Jessica Shae,Yáñez Couey,Shae,Yañez,S. Yáñez,USA,Goalkeeper,Macon,NA,9/3/23
456,Chloe,Logarzo,Chloe,Logarzo,C. Logarzo,Australia,Midfielder,Prairiewood,NA,2/6/23
457,Amy Bianca,Harrison,Amy,Harrison,A. Harrison,Australia,Midfielder,Camden,NA,2/6/23
458,Bayley Elizabeth,Feist,Bayley,Feist,B. Feist,USA,Midfielder,"Cincinnati, Ohio",NA,4/4/24
459,Grace,Cutler,Grace,Cutler,G. Cutler,USA,Defender,NA,NA,2/6/23
460,Cassandra Danielle,Rohan,Cassie,Rohan,C. Rohan,USA,Midfielder,NA,NA,2/6/23
461,Julia,Bingham,Julia,Bingham,J. Bingham,USA,Defender,NA,NA,2/6/23
462,Ella Hendley,Stevens,Ella,Stevens,E. Stevens,USA,Attacker,Snellville,NA,4/4/24
463,Carissa Xenia,Miller,Cassie,Miller,C. Miller,USA,Goalkeeper,Cave Creek,NA,4/4/24
464,Zoe Anne,Morse,Zoe,Morse,Z. Morse,USA,Defender,NA,NA,2/6/23
465,Camryn Ann,Biegalski,Camryn,Biegalski,C. Biegalski,USA,Defender,Lombard,NA,4/4/24
466,Zoe Abigail,Redei,Zoe,Redei,Z. Redei,USA,Attacker,Atlanta,NA,2/6/23
467,Bianca Rose,St-Georges,Bianca,St-Georges,B. St-Georges,Canada,Attacker,Saint-Charles-Borrommée,NA,4/4/24
468,Sarah,Luebbert,Sarah,Luebbert,S. Luebbert,USA,Attacker,NA,NA,2/6/23
469,Amanda,Dennis,Amanda,Dennis,A. Dennis,USA,Goalkeeper,NA,NA,2/6/23
470,Brianna Elizabeth,Visalli,Brianna,Visalli,B. Visalli,USA,Midfielder,San Jose,NA,2/6/23
471,Lindsey Burke,Harris,Lindsey,Harris,L. Harris,USA,Goalkeeper,Houston,NA,9/3/23
472,Bridgette,Andrzejewski,Bridgette,Andrzejewski,B. Andrzejewski,USA,Attacker,NA,NA,2/6/23
473,Évelyne,Viens,Évelyne,Viens,É. Viens,Canada,Attacker,NA,NA,2/6/23
474,Kaleigh Ann,Riehl,Kaleigh,Riehl,K. Riehl,USA,Defender,Fairfax Station,NA,4/4/24
475,Jennifer,Cudjoe,Jennifer,Cudjoe,J. Cudjoe,Ghana,Midfielder,NA,NA,2/6/23
476,Chantelle Monique,Swaby,Chantelle,Swaby,C. Swaby,Jamaica,Defender,West Hartford,NA,2/6/23
477,Amanda Kathleen,Haught,Mandy,Haught,M. Haught,USA,Goalkeeper,NA,NA,4/4/24
478,Kristina Maureen,Maksuti,Kristina,Maksuti,K. Maksuti,Albania,Attacker,NA,NA,2/6/23
479,Sinclaire,Miramontez,Sinclaire,Miramontez,S. Miramontez,USA,Defender,NA,NA,2/6/23
480,Hailie Jenae,Mace,Hailie,Mace,H. Mace,USA,Midfielder,"Ventura, CA",NA,4/4/24
481,Alleandra Morgan,Watt,Ally,Watt,A. Watt,USA,Attacker,Colorado Springs,NA,4/4/24
482,Addisyn Jade,Merrick,Addisyn,Merrick,A. Merrick,USA,Defender,Lee's Summit,NA,4/4/24
483,Carly Marie,Nelson,Carly,Nelson,C. Nelson,USA,Goalkeeper,Lindon,NA,4/4/24
484,Julia,Ashley,Julia,Ashley,J. Ashley,USA,Defender,NA,NA,3/23/23
485,Madison Guadalupe,Hammond,Madison,Hammond,M. Hammond,USA,Defender,Albuquerque,NA,4/4/24
486,Shirley Iveth,Cruz Traña,Shirley,Cruz,S. Cruz,Costa Rica,Midfielder,San José,Shirley Cruz,2/6/23
487,Alana Simone,Cook,Alana,Cook,A. Cook,USA,Defender,Worcester,NA,4/4/24
488,Kelcie Lee Anne,Hedge,Kelcie,Hedge,K. Hedge,USA,Midfielder,NA,NA,9/3/23
489,Yuka Nicole,Momiki,Nicole,Momiki,Y. Momiki,Japan,Midfielder,New York City,NA,2/6/23
490,Machaela Marie,George,Machaela,George,M. George,USA,Defender,NA,NA,2/6/23
491,Mariah Allison,Lee,Mariah,Lee,M. Lee,USA,Attacker,NA,NA,2/6/23
492,Meaghan Elizabeth,Nally,Meaghan,Nally,M. Nally,USA,Defender,Fairfax,NA,4/4/24
493,Anika Elia,Rodríguez,Anika,Rodríguez,A. Rodríguez,Mexico,Midfielder,Torrance,Anika Rodríguez,2/6/23
494,Nadine,Angerer,Nadine,Angerer,N. Angerer,Germany,Goalkeeper,Lohr am Main,NA,2/6/23
495,Morgan Victoria,Weaver,Morgan,Weaver,M. Weaver,USA,Midfielder,Renton,NA,4/4/24
496,Sophia Olivia,Smith,Sophia,Smith,S. Smith,USA,Attacker,Windsor,NA,4/4/24
497,Autumn,Smithers,Autumn,Smithers,A. Smithers,USA,Defender,Modesto,NA,2/6/23
498,Kathryn Jean,Del Fava,Kate,Del Fava,K. Del Fava,USA,Defender,Kenosha,NA,4/4/24
499,Holly,Daugirda,Holly,Daugirda,H. Daugirda,USA,Attacker,NA,NA,2/6/23
500,Tziarra Lanae,King,Tziarra,King,T. King,USA,Attacker,Sicklerville,NA,4/4/24
501,Taylor Maree,Leach,Taylor,Leach,T. Leach,USA,Defender,Maumee,NA,2/6/23
502,Marissa Maeve,Sheva,Marissa,Sheva,M. Sheva,Republic of Ireland,Midfielder,Sellersville,NA,4/4/24
503,Aminata Fatou,Diallo,Aminata,Diallo,A. Diallo,France,Midfielder,Grenoble,NA,2/6/23
504,Katherine Ann,Lund,Katie,Lund,K. Lund,USA,Goalkeeper,Plano,NA,4/4/24
505,Brooke,Tatum Hendrix,Brooke,Hendrix,B. Hendrix,USA,Defender,NA,NA,2/6/23
506,Jenna Anne,Hellstrom,Jenna,Hellstrom,J. Hellstrom,Canada,Midfielder,Sudbury,NA,2/6/23
507,Jessie Eleanor,Scarpa,Jessie,Scarpa,J. Scarpa,USA,Midfielder,Lakeland,NA,2/6/23
508,Kaiya,McCullough,Kaiya,McCullough,K. McCullough,USA,Defender,Mission Viejo,NA,2/6/23
509,Kumi,Yokoyama,Kumi,Yokoyama,K. Yokoyama,Japan,Attacker,Tama,NA,2/6/23
510,Jaye,Boissiere,Jaye,Boissiere,J. Boissiere,USA,Midfielder,Palo Alto,NA,2/6/23
511,Natalie Ann,Jacobs,Natalie,Jacobs,N. Jacobs,USA,Defender,Coto de Caza,NA,4/4/24
512,Katie Marie,McClure,Katie,McClure,K. McClure,USA,Attacker,Wichita,NA,2/6/23
513,Meghan,McCool,Meghan,McCool,M. McCool,USA,Attacker,NA,NA,2/6/23
514,Averie Ann,Collins,Averie,Collins,A. Collins,USA,Attacker,Bozeman,NA,2/6/23
515,Ashley Nicole,Sanchez,Ashley,Sanchez,A. Sanchez,USA,Attacker,Pasadena,NA,4/4/24
516,Dani Marie,Rhodes,Dani,Rhodes,D. Rhodes,USA,Attacker,NA,NA,2/6/23
517,Kelsey Renee,Daugherty,Kelsey,Daugherty,K. Daugherty,USA,Goalkeeper,Kennesaw,NA,9/3/23
518,Aerial,Chavarin,Aerial,Chavarin,A. Chavarin,USA,Midfielder,Oakland,NA,2/6/23
519,Lauren Amanda,Silver,Lauren,Silver,L. Silver,Jamaica,Defender,Miami,NA,2/6/23
520,Shaina Faiena,Ashouri,Shaina,Ashouri,S. Ashouri,USA,Attacker,NA,NA,2/6/23
521,Jaci,Jones,Jaci,Jones,J. Jones,USA,Midfielder,NA,NA,2/6/23
522,Becki,Tweed,Becki,Tweed,B. Tweed,England,Midfielder,NA,NA,2/6/23
523,Mikaela,Howell,Mikaela,Howell,M. Howell,England,Attacker,NA,NA,2/6/23
524,Rylee Ann,Baisden,Rylee,Baisden,R. Baisden,USA,Attacker,NA,NA,2/6/23
525,Suchawadee,Nildhamrong,Suchawadee,Nildhamrong,M. Nild,Thailand,Attacker,NA,Miranda Nild,2/6/23
526,Samantha Ryan,Hiatt,Sam,Hiatt,S. Hiatt,USA,Defender,Kirkland,NA,4/4/24
527,Kim,Hazlett,Kim,Hazlett,K. Hazlett,USA,Defender,NA,NA,2/6/23
528,Deneisha Selena,Blackwood,Deneisha,Blackwood,D. Blackwood,Jamaica,Midfielder,NA,NA,2/6/23
529,Courtney Lynn,Petersen,Courtney,Petersen,C. Petersen,USA,Defender,Royal Oak,NA,4/4/24
530,Jordyn Nicole,Listro,Jordyn,Listro,J. Listro,Canada,Midfielder,Toronto,NA,9/3/23
531,Brittany,Isenhour,Brittany,Isenhour,B. Isenhour,USA,Goalkeeper,NA,NA,9/3/23
532,Alexandra,Soree,Alexandra,Soree,Z. Soree,Belgium,Midfielder,NA,Zandy Soree,2/6/23
533,Savannah,Uveges,Savannah,Uveges,S. Uveges,USA,Midfielder,NA,NA,2/6/23
534,Kate,Howarth,Kate,Howarth,K. Howarth,USA,Attacker,"Grand Blanc, Michigan",NA,2/6/23
535,Konya Tajae,Plummer,Konya,Plummer,K. Plummer,Jamaica,Midfielder,St. Mary,NA,2/6/23
536,Carrie Elizabeth,Lawrence,Carrie,Lawrence,C. Lawrence,USA,Defender,Orlando,NA,4/4/24
537,Chelsee Teresa,Washington,Chelsee,Washington,C. Washington,USA,Attacker,NA,NA,2/6/23
538,Tatumn Marie,Milazzo,Tatumn,Milazzo,T. Milazzo,USA,Defender,Orland Park,NA,4/4/24
539,Annika Mae,Creel,Annika,Creel,A. Creel,USA,Defender,NA,NA,9/3/23
540,Kapuamakamaemalamaonalani Rachel-May,Gomera-Stevens,Makamae,Gomera-Stevens,M. Gomera-Stevens,USA,Midfielder,Kapalai,NA,9/3/23
541,Michelle Chinwendu,Alozie,Michelle,Alozie,M. Alozie,Nigeria,Attacker,Apple Valley,NA,4/4/24
542,Amber,Marshall,Amber,Marshall,A. Marshall,USA,Midfielder,NA,NA,2/6/23
543,Victoria Serena,Pickett,Victoria,Pickett,V. Pickett,Canada,Midfielder,Newmarket,NA,4/4/24
544,Addison Taylor,McCain,Addie,McCain,A. McCain,USA,Midfielder,NA,NA,9/3/23
545,Mariana Valeria,Larroquette,Mariana,Larroquette,M. Larroquette,Argentina,Attacker,Ituzaingó,NA,4/4/24
546,So-Dam,Lee,So-Dam,Lee,Lee So-Dam,Korea Republic,Midfielder,NA,Lee So-Dam,2/6/23
547,Taylor,Aylmer,Taylor,Aylmer,T. Aylmer,USA,Midfielder,NA,NA,9/3/23
548,Claire,Winter,Claire,Winter,C. Winter,USA,Midfielder,NA,NA,2/6/23
549,Megan,Rogers,Megan,Rogers,M. Rogers,USA,Unknown,NA,NA,2/6/23
550,Diane Evelyn,Caldwell,Diane,Caldwell,D. Caldwell,Republic of Ireland,Defender,NA,NA,2/6/23
551,Megan,O'Keefe,Megan,O'Keefe,M. O'Keefe,USA,Unknown,NA,NA,2/6/23
552,Emma,Thomson,Emma,Thomson,E. Thomson,England,Defender,NA,NA,2/6/23
553,Angharad Jane,James,Angharad,James,A. James,Wales,Midfielder,Haverfordwest,NA,4/4/24
554,Angelina,Alonso Costantino,Angelina,Alonso Costantino,Angelina,Brazil,Midfielder,Jersey City,Angelina,4/4/24
555,Karen Louise,Bardsley,Karen,Bardsley,K. Bardsley,England,Goalkeeper,Santa Monica,NA,2/6/23
556,Jenna,Holtz,Jenna,Holtz,J. Holtz,USA,Midfielder,NA,NA,2/6/23
557,Cosette Jolee,Morché,Cosette,Morché,C. Morché,USA,Goalkeeper,Lawrenceville,NA,2/6/23
558,Ella Iris,Dederick,Ella,Dederick,E. Dederick,USA,Goalkeeper,Camarillo,NA,9/3/23
559,Alexandra,Lowe Riley,Ali,Riley,A. Riley,New Zealand,Defender,Los Angeles,NA,4/4/24
560,Jade Ellis,Moore,Jade,Moore,J. Moore,England,Midfielder,Worksop,NA,2/6/23
561,Taylor Jacklyn,Flint,Taylor,Flint,T. Flint,USA,Midfielder,Las Vegas,NA,4/4/24
562,Gabriella,English,Gabriella,English,G. English,USA,Goalkeeper,Winter Park,NA,2/6/23
563,Phoebe,Lynch McClernon,Phoebe,McClernon,P. McClernon,USA,Defender,West Chester,NA,4/4/24
564,Erin Katrina,McLeod,Erin,McLeod,E. McLeod,Canada,Goalkeeper,St. Albert,NA,2/6/23
565,Abi,Kim,Abi,Kim,A. Kim,USA,Attacker,NA,NA,2/6/23
566,Shelby Ann,Hogan,Shelby,Hogan,S. Hogan,USA,Goalkeeper,Franklin,NA,4/4/24
567,Brittany,Persaud,Brittany,Persaud,B. Persaud,Guyana,Midfielder,NA,NA,2/6/23
568,Natalia,Kuikka,Natalia,Kuikka,N. Kuikka,Finland,Defender,Kemi,NA,4/4/24
569,Vanessa,Kara González,Vanessa,Kara,V. Kara,Dominican Republic,Attacker,NA,NA,2/6/23
570,Emina,Ekic,Emina,Ekic,E. Ekic,USA,Attacker,NA,NA,9/3/23
571,Freja Siri Margareta,Olofsson,Freja,Olofsson,F. Olofsson,Sweden,Midfielder,NA,NA,2/6/23
572,Noelle,Higginson,Noelle,Higginson,N. Higginson,USA,Midfielder,NA,NA,2/6/23
573,Nealy Cameron,Martin,Nealy,Martin,N. Martin,USA,Defender,Birmingham,NA,4/4/24
574,Shelby,Money,Shelby,Money,S. Money,USA,Goalkeeper,NA,NA,2/6/23
575,Taylor Marie,Otto,Taylor,Otto,T. Otto,USA,Defender,NA,NA,9/3/23
576,Emily Ann,Fox,Emily,Fox,E. Fox,USA,Defender,NA,NA,9/3/23
577,Mariana Sofía,Speckmaier Fernández,Mariana,Speckmaier,M. Speckmaier,Venezuela,Attacker,Miami,NA,9/3/23
578,Julia Elisabeth,Roddar,Julia,Roddar,J. Roddar,Sweden,Defender,Göteborg,NA,2/6/23
579,Sydney Michelle,Schneider,Sydney,Schneider,S. Schneider,Jamaica,Goalkeeper,"Dayton, New Jersey",NA,4/4/24
580,Saori,Takarada,Saori,Takarada,S. Takarada,Japan,Defender,Tateyama,NA,2/6/23
581,Trinity Rain,Moyer-Rodman,Trinity,Rodman,T. Rodman,USA,Attacker,Newport Beach,NA,4/4/24
582,Anna,Heilferty,Anna,Heilferty,A. Heilferty,USA,Defender,Falls Church,NA,4/4/24
583,Chinyelu,Bessum Asher,Chinyelu,Asher,C. Asher,Jamaica,Midfielder,NA,NA,2/6/23
584,Hannah,Diaz,Hannah,Diaz,H. Diaz,USA,Attacker,NA,NA,2/6/23
585,Carina Alicia,Baltrip-Reyes,Carina,Baltrip-Reyes,C. Baltrip-Reyes,Panama,Defender,"Austin, Texas",NA,2/6/23
586,Andrea Rán,Snæfeld Hauksdóttir,Andrea Rán,Hauksdóttir,A. Hauksdóttir,Iceland,Midfielder,NA,NA,2/6/23
587,Alexandria,Loy Hess,Allie,Hess,A. Hess,USA,Attacker,Kearney,NA,2/6/23
588,Courtney,Claassen,Courtney,Claassen,C. Claassen,USA,Midfielder,NA,NA,2/6/23
589,Abigail Nola-Marie,Small,NA,NA,A. Small,USA,Defender,Kansas City,NA,2/6/23
590,Kiara Shaelene,Pickett,Kiki,Pickett,K. Pickett,USA,Defender,Santa Barbara,NA,4/4/24
591,Tristin,Stuteville,Tristin,Stuteville,T. Stuteville,USA,Midfielder,NA,NA,2/6/23
592,Jéssica Lisandra,Manjenje Nogueira Silva,Jéssica Lisandra,Manjenje Nogueira Silva,Jéssica Silva,Portugal,Attacker,NA,Jéssica Silva,2/6/23
593,Gaëtane Iza Laure,Thiney,Gaëtane,Thiney,G. Thiney,France,Midfielder,Troyes,NA,2/6/23
594,Delanie Breann,Sheehan,Delanie,Sheehan,D. Sheehan,USA,Midfielder,NA,NA,4/4/24
595,Brianna Alexis,Smalls Pinto,Brianna,Pinto,B. Pinto,USA,Midfielder,Durham,NA,4/4/24
596,Caeley,Lordemann,Caeley,Lordemann,C. Lordemann,USA,Midfielder,NA,NA,2/6/23
597,Sarah,Bouhaddi,Sarah,Bouhaddi,S. Bouhaddi,France,Goalkeeper,Cannes,NA,2/6/23
598,Eugénie Anne Claudine,Le Sommer,Eugénie,Le Sommer,E. Le Sommer,France,Attacker,Grasse,NA,2/6/23
599,Phallon Abaigeal,Tullis-Joyce,Phallon,Tullis-Joyce,P. Tullis-Joyce,USA,Goalkeeper,New York,NA,9/3/23
600,Dzsenifer,Marozsán,Dzsenifer,Marozsán,D. Marozsán,Germany,Midfielder,Budapest,NA,2/6/23
601,Jimena,López Fuentes,Jimena,López,J. López,Mexico,Defender,NA,NA,4/4/24
602,Kaylie Ann,Collins,Kaylie,Collins,K. Collins,USA,Goalkeeper,NA,NA,4/4/24
603,Parker,Roberts,Parker,Roberts,P. Roberts,USA,Midfielder,NA,NA,2/6/23
604,Amy,Turner,Amy,Turner,A. Turner,England,Defender,Sheffield,NA,2/6/23
605,Yazmeen Ann,Ryan,Yazmeen,Ryan,Y. Ryan,USA,Midfielder,NA,NA,4/4/24
606,Hannah Claire,Betfort,Hannah,Betfort,H. Betfort,USA,Attacker,Charleston,NA,4/4/24
607,Olivia Lynn,Moultrie,Olivia,Moultrie,O. Moultrie,USA,Midfielder,Utah,NA,4/4/24
608,Gemma,Bonner,Gemma,Bonner,G. Bonner,England,Defender,Leeds,NA,2/6/23
609,Ebony,Salmon,Ebony,Salmon,E. Salmon,England,Attacker,NA,NA,9/3/23
610,Tara Leana,McKeown,Tara,McKeown,T. McKeown,USA,Defender,Newbury Park,NA,4/4/24
611,Morgan Elizabeth,Goff,Morgan,Goff,M. Goff,USA,Defender,NA,NA,2/6/23
612,Karina Anaís,Rodríguez,Karina,Rodríguez,Karina Rodríguez,Mexico,Defender,Torrance,Karina Rodríguez,2/6/23
613,Natalie,Higgins,Natalie,Higgins,N. Higgins,USA,Defender,NA,NA,2/6/23
614,Mary Alice,Vignola,M.A.,Vignola,M. Vignola,USA,Defender,Cincinnati,NA,4/4/24
615,Katherine Amanda,Cousins,Katie,Cousins,K. Cousins,USA,Midfielder,NA,NA,2/6/23
616,Stefany,Ferrer Van Ginkel,Stefany,Ferrer Van Ginkel,Stefany Ferrer,Brazil,Midfielder,NA,Stefany Ferrer,2/6/23
617,Lily Shayan,Nabet,Lily,Nabet,L. Nabet,USA,Midfielder,Tarzana,NA,4/4/24
618,Megan Elizbeth,Reid,Megan,Reid,M. Reid,USA,Defender,Orinda,NA,4/4/24
619,Clarisse Agathe,Le Bihan,Clarisse,Le Bihan,C. Le Bihan,France,Midfielder,Quimperlé,NA,4/4/24
620,Jun,Endo,Jun,Endo,J. Endo,Japan,Attacker,Fukushima,NA,4/4/24
621,Vanessa Brigitte,Gilles,Vanessa,Gilles,V. Gilles,Canada,Defender,Châteauguay,NA,4/4/24
622,Allyson Renee,Swaby,Allyson,Swaby,A. Swaby,Jamaica,Defender,Hartford,NA,9/3/23
623,Miriael Géanne,Taylor,Miriael,Taylor,M. Taylor,England,Midfielder,NA,NA,2/6/23
624,Dominique Jaylin,Abrena Randle,Dominique,Randle,D. Randle,Philippines,Defender,Seattle,NA,2/6/23
625,Hope,Breslin,Hope,Breslin,H. Breslin,USA,Midfielder,NA,NA,9/3/23
626,Maia Early,Pérez,Maia,Pérez,M. Pérez,USA,Goalkeeper,Kentwood,NA,4/4/24
627,Sarah Elaine,Griffith,Sarah,Griffith,S. Griffith,USA,Attacker,Naperville,NA,4/4/24
628,Brianna,Alger,Brianna,Alger,B. Alger,USA,Defender,NA,NA,2/6/23
629,Chelsie,Dawber,Chelsie,Dawber,C. Dawber,Australia,Attacker,NA,NA,2/6/23
630,Samantha,Fisher,Samantha,Fisher,S. Fisher,USA,Midfielder,NA,NA,9/3/23
631,Amanda,Kowalski,Amanda,Kowalski,A. Kowalski,USA,Defender,NA,NA,9/3/23
632,Mikenna,McManus,Mikenna,McManus,M. McManus,USA,Defender,NA,NA,2/6/23
633,Ava,Cook,Ava,Cook,Ava Cook,USA,Attacker,Battle Creek,Ava Cook,4/4/24
634,Channing,Foster,Channing,Foster,C. Foster,USA,Midfielder,NA,NA,2/6/23
635,Jillienne,Aguilera,Jill,Aguilera,J. Aguilera,Puerto Rico,Midfielder,NA,NA,9/3/23
636,Ryan,Gareis,Ryan,Gareis,R. Gareis,USA,Attacker,NA,NA,4/4/24
637,Paulina,Gramaglia,Paulina,Gramaglia,P. Gramaglia,Argentina,Attacker,NA,NA,3/23/23
638,Joelle,Anderson,Joelle,Anderson,J. Anderson,USA,Midfielder,California,NA,4/4/24
639,Annika,Schmidt,Annika,Schmidt,A. Schmidt,Germany,Defender,NA,Annika Schmidt,3/23/23
640,Alexis Alycia,Loera,Alex,Loera,A. Loera,USA,Midfielder,Thornton,NA,4/4/24
641,Isabel Denise,Rodriguez,Izzy,Rodriguez,I. Rodriguez,USA,Defender,"Canton, MI",NA,4/4/24
642,Chardonnay,Curran,Chardonnay,Curran,C. Curran,USA,Midfielder,Ewa Beach,NA,4/4/24
643,Jenna Rae,Winebrenner,Jenna,Winebrenner,J. Winebrenner,USA,Defender,NA,NA,4/4/24
644,Elyse,Morgan Bennett,Elyse,Bennett,E. Bennett,USA,Attacker,Lake Forest,NA,4/4/24
645,Elisabeth Charlotte,Jean,Ellie,Jean,E. Jean,USA,Defender,Chattanooga,NA,4/4/24
646,Cameron,Tucker,Cameron,Tucker,C. Tucker,USA,Attacker,Highland,NA,4/4/24
647,Hensley,Hancuff,Hensley,Hancuff,H. Hancuff,USA,Goalkeeper,Edmond,NA,4/4/24
648,Taryn Layne,Torres,Taryn,Torres,T. Torres,USA,Midfielder,NA,NA,4/4/24
649,Kelly Ann,Livingstone,Kelly Ann,Livingstone,K. Livingstone,USA,Defender,NA,NA,9/3/23
650,Kerolin Nicoli,Israel Ferraz,Kerolin Nicoli,Israel Ferraz,Kerolin,Brazil,Attacker,São Paulo,Kerolin,4/4/24
651,Emily Rose,Gray,Emily,Gray,E. Gray,USA,Midfielder,Sewell,NA,4/4/24
652,Kaitlin,Fregulia,Kaitlin,Fregulia,K. Fregulia,USA,Defender,Torrance,NA,2/6/23
653,Haleigh Kae,Stackpole,Haleigh,Stackpole,H. Stackpole,USA,Midfielder,Bowling Green,NA,9/3/23
654,Valérie Marie Christelle,Gauvin,Valérie,Gauvin,V. Gauvin,France,Attacker,Sainte-Clotilde,NA,2/6/23
655,Francesca Claire,Tagliaferri,Frankie,Tagliaferri,F. Tagliaferri,USA,Midfielder,Colts Neck,NA,4/4/24
656,Diana Rosario,Ordóñez Torres,Diana,Ordóñez,D. Ordoñez,Mexico,Attacker,Prosper,NA,4/4/24
657,Theresa Stephanie,Boade,Tess,Boade,T. Boade,USA,Attacker,Highlands Ranch,NA,4/4/24
658,Malia Nicole,Berkely,Malia,Berkely,M. Berkely,USA,Defender,Liberty Township,NA,4/4/24
659,Marisa,Bova,Marisa,Bova,M. Bova,USA,Goalkeeper,Hartland,NA,4/4/24
660,Claudia Jane,Dickey,Claudia,Dickey,C. Dickey,USA,Goalkeeper,Charlotte,NA,4/4/24
661,Ryanne Alyse,Brown,Ryanne,Brown,R. Brown,USA,Defender,Indianapolis,NA,4/4/24
662,Laurel Carolyn,Ivory,Laurel,Ivory,L. Ivory,USA,Goalkeeper,Surfside,NA,4/4/24
663,Alyssa,Malonson,Alyssa,Malonson,A. Malonson,USA,Defender,Primavera,NA,4/4/24
664,Zsanett Bernadett,Kaján,Zsanett,Kaján,Z. Kaján,Hungary,Attacker,NA,NA,2/6/23
665,Olivia,Van der Jagt,Olivia,Van der Jagt,O. Van der Jagt,USA,Midfielder,Kent,NA,4/4/24
666,Marley Angelina,Canales,Marley,Canales,M. Canales,USA,Midfielder,NA,NA,9/3/23
667,Olivia Marie,Athens,Olivia,Athens,O. Athens,USA,Midfielder,Atherton,NA,4/4/24
668,Julie Kate,Doyle,Julie,Doyle,J. Doyle,USA,Midfielder,Newport Beach,NA,4/4/24
669,Caitlin,Cosme,Caitlin,Cosme,C. Cosme,USA,Defender,NA,NA,9/3/23
670,Viviana Venezia,Villacorta,Viviana,Villacorta,V. Villacorta,USA,Midfielder,Torrance,NA,4/4/24
671,Anna Victoria,Moorhouse,Anna,Moorhouse,A. Moorhouse,England,Goalkeeper,Oldham,NA,4/4/24
672,Mikayla Shae,Cluff,Mikayla,Cluff,M. Cluff,USA,Midfielder,Kaysville,NA,4/4/24
673,Kerry Margaret,Abello,Kerry,Abello,K. Abello,USA,Defender,Elmhurst,NA,4/4/24
674,Hina,Sugita,Hina,Sugita,H. Sugita,Japan,Midfielder,Kitakyushu,NA,4/4/24
675,Natalie,Beckman,Natalie,Beckman,N. Beckman,USA,Attacker,Aurora,NA,9/3/23
676,Samantha Grace,Coffey,Sam,Coffey,S. Coffey,USA,Midfielder,New York City,NA,4/4/24
677,Gabriella Alyssa,Provenzano,Gabby,Provenzano,G. Provenzano,USA,Midfielder,Sargeantsville,NA,4/4/24
678,Jaelin Marie,Howell,Jaelin,Howell,J. Howell,USA,Midfielder,Windsor,NA,4/4/24
679,Jordyn,Bloomer,Jordyn,Bloomer,J. Bloomer,USA,Goalkeeper,NA,NA,4/4/24
680,Kennedy Parker,Goins,Parker,Goins,P. Goins,USA,Attacker,Broken Arrow,NA,4/4/24
681,Kirsten,Wright,Kirsten,Wright,K. Wright,USA,Attacker,St. Louis,Kirsten Wright,4/4/24
682,Taylor,Malham,Taylor,Malham,T. Malham,USA,Midfielder,Broken Arrow,NA,4/4/24
683,Alexandra Carla,Chidiac,Alex,Chidiac,A. Chidiac,Australia,Midfielder,Adelaide,NA,9/3/23
684,Sh'nia Demetrice,Gordon,Sh'nia,Gordan,S. Gordon,USA,Attacker,Ocklawaha,NA,2/6/23
685,Rebecca Rayne,Holloway,Rebecca,Holloway,R. Holloway,Northern Ireland,Midfielder,NA,NA,9/3/23
686,Savannah Marie,DeMelo,Savannah,DeMelo,S. DeMelo,USA,Midfielder,Bellflower,NA,4/4/24
687,Sydney,Cummings,Sydney,Cummings,S. Cummings,Guyana,Defender,NA,NA,9/3/23
688,Hillary Elizabeth,Beall,Hillary,Beall,H. Beall,USA,Goalkeeper,Laguna Beach,NA,4/4/24
689,Charmé,Morgan,Charmé,Morgan,C. Morgan,USA,Defender,NA,NA,2/6/23
690,Julia Nicole,Lester,Julia,Lester,J. Lester,USA,Defender,Tampa,NA,4/4/24
691,Eva Sofia,Jakobsson,Sofia,Jakobsson,S. Jakobsson,Sweden,Attacker,Örnsköldsvik,NA,4/4/24
692,Kelsey,Turnbow,Kelsey,Turnbow,K. Turnbow,USA,Midfielder,NA,NA,9/3/23
693,Sarah,Sodoma,Sarah,Sodoma,S. Sodoma,USA,Attacker,NA,NA,2/6/23
694,Naomi,Haile Girma,Naomi,Girma,N. Girma,USA,Defender,San Jose,NA,4/4/24
695,Sydney,Pulver,Sydney,Pulver,S. Pulver,USA,Midfielder,NA,NA,2/6/23
696,Mia Irene,Gyau,Mia,Gyau,M. Gyau,USA,Defender,Silver Spring,NA,9/3/23
697,Carly,Mitchell Telford,Carly,Telford,C. Telford,England,Goalkeeper,Newcastle,NA,2/6/23
698,Taylor,Hansen,Taylor,Hansen,T. Hansen,USA,Defender,NA,NA,2/6/23
699,Amirah Iman,Ali,Amirah,Ali,A. Ali,USA,Attacker,Voorhees Township,NA,4/4/24
700,Isabella Lyn,Briede,Belle,Briede,B. Briede,USA,Midfielder,NA,NA,4/4/24
701,Marleen,Schimmer,Marleen,Schimmer,M. Schimmer,Germany,Midfielder,NA,NA,2/6/23
702,Kayla,Bruster,Kayla,Bruster,K. Bruster,USA,Defender,NA,NA,2/6/23
703,Madison,Elwell,Maddie,Elwell,M. Elwell,USA,Midfielder,Ambler,NA,9/3/23
704,Tinaya,Alexander,Tinaya,Alexander,T. Alexander,England,Attacker,NA,NA,2/6/23
705,Alia,Martin,Alia,Martin,A. Martin,USA,Defender,NA,NA,2/6/23
706,Audrey,Harding,Audrey,Harding,A. Harding,USA,Attacker,NA,NA,2/6/23
707,Almuth,Schult,Almuth,Schult,A. Schult,Germany,Goalkeeper,Dannenberg,NA,2/6/23
708,Kelsey Eileen,Dossey,Kelsey,Dossey,K. Dossey,USA,Goalkeeper,NA,NA,9/3/23
709,Bridgette Nicole,Skiba,Bridgette,Skiba,B. Skiba,USA,Goalkeeper,NA,NA,2/6/23
710,Emily Jane,Garnier,Emily,Garnier,E. Garnier,USA,Defender,NA,NA,2/6/23
711,Haley,Lanier Berg,Haley,Berg,H. Berg,USA,Attacker,NA,NA,2/6/23
712,Kayla,Hamric,Kayla,Hamric,K. Hamric,Canada,Attacker,NA,NA,2/6/23
713,Jada,Talley,Jada,Talley,J. Talley,USA,Attacker,NA,NA,2/6/23
714,Claire Marie Annie,Lavogez,Claire,Lavogez,C. Lavogez,France,Midfielder,Calais,NA,4/4/24
715,Amanda Paige,Visco,Amanda,Visco,A. Visco,USA,Defender,New Jersey,NA,2/6/23
716,Jenna,Bike,Jenna,Bike,J. Bike,USA,Attacker,Trumbull,NA,4/4/24
717,Bruna,Santos Nhaia,Bruna,Santos Nhaia,Bruninha,Brazil,Defender,Castro,Bruninha,4/4/24
718,Rikke Marie,Madsen,Rikke,Madsen,R. Madsen,Denmark,Attacker,Varde,NA,9/3/23
719,Brianne Michelle,Folds,Brianne Michelle,Folds,B. Folds,USA,Midfielder,Lakeland,Bri Folds,2/6/23
720,Fuka,Nagano,Fuka,Nagano,F. Nagano,Japan,Midfielder,NA,NA,2/6/23
721,Jordyn Pamela,Huitema,Jordyn,Huitema,J. Huitema,Canada,Attacker,Chilliwack,NA,4/4/24
722,Jodi,Sevim Ulkekul,Jodi,Ulkekul,J. Ulkekul,USA,Defender,NA,NA,2/6/23
723,Kelly,Rowswell,Kelly,Rowswell,K. Rowswell,USA,Goalkeeper,NA,NA,2/6/23
724,Haley,Bugeja,Haley,Bugeja,H. Bugeja,Malta,Attacker,Pieta,NA,9/3/23
725,Thais,Reiss de Araújo,Thais,Reiss de Araújo,Thais Reiss,Brazil,Defender,NA,Thais Reiss,9/3/23
726,Cheyenne Janae,Shorts,Cheyenne,Shorts,C. Shorts,USA,Defender,Denver,NA,9/3/23
727,Sophie,French,Sophie,French,S. French,USA,Defender,NA,NA,2/6/23
728,Isabella,Beletic,Isabella,Beletic,I. Beletic,USA,Defender,NA,NA,2/6/23
729,Hannah,Medison Adler,Hannah,Adler,H. Adler,USA,Midfielder,NA,NA,2/6/23
730,Allison,Whitfield,Allison,Whitfield,A. Whitfield,USA,Midfielder,NA,NA,2/6/23
731,Zaneta Josseline,Wyne,Zaneta,Wyne,Z. Wyne,USA,Defender,Newport Beach,NA,9/3/23
732,Shuang,Wang,Shuang,Wang,Wang Shuang,China PR,Midfielder,Wuhan,Wang Shuang,9/3/23
733,Jaedyn Reese,Shaw,Jaedyn,Shaw,J. Shaw,USA,Attacker,Frisco,NA,4/4/24
734,Jackie,Altschuld,Jackie,Altschuld,J. Altschuld,USA,Midfielder,NA,NA,2/6/23
735,Katie,Murray,Katie,Murray,K. Murray,USA,Midfielder,NA,NA,2/6/23
736,Andrea,Frerker,Andrea,Frerker,A. Frerker,USA,Midfielder,Maryville,NA,2/6/23
737,Alyssa Paola,Thompson,Alyssa,Thompson,A. Thompson,USA,Attacker,Los Angeles,Alyssa Thompson,4/4/24
738,Angelina,Anderson,Angelina,Anderson,A. Anderson,USA,Goalkeeper,Danville,NA,4/4/24
739,Sophia Grace,Jones,Sophie,Jones,S. Jones,USA,Midfielder,Menlo Park,NA,4/4/24
740,Brenna Marie,Lovera,Brenna,Lovera,B. Lovera,USA,Attacker,NA,NA,9/3/23
741,Allison,Schlegel,Ally,Schlegel,A. Schlegel,USA,Attacker,"Parker, Colorado",NA,4/4/24
742,Mackenzie Kay,Wood,Mackenzie,Wood,M. Wood,USA,Goalkeeper,Granger,NA,4/4/24
743,Júlia,Bianchi,Júlia,Bianchi,Júlia Bianchi,Brazil,Midfielder,Xanxerê,Júlia Bianchi,4/4/24
744,Penelope Elizabeth,Hocking,Penelope,Hocking,P. Hocking,USA,Attacker,NA,NA,4/4/24
745,Samantha,Feller,Sami,Feller,S. Feller,USA,Midfielder,Grand Junction,NA,4/4/24
746,Sam,Laity,Sam,Laity,S. Laity,England,Unknown,Plymouth,NA,3/23/23
747,Alexa Christine,Spaanstra,Alexa,Spaanstra,A. Spaanstra,USA,Attacker,"Brighton, MI",NA,4/4/24
748,Jordan,Silkowitz,Jordan,Silkowitz,J. Silkowitz,USA,Goalkeeper,Fairfax,NA,4/4/24
749,Gabrielle,Robinson,Gabrielle,Robinson,G. Robinson,USA,Defender,"Springfield, VA",NA,4/4/24
750,Ann Mimmi Ellenore,Larsson,Mimmi,Larsson,M. Larsson,Sweden,Attacker,NA,NA,9/3/23
751,Michelle Ivory,Cooper,Michelle,Cooper,M. Cooper,USA,Attacker,"Clarkston, Michigan",NA,4/4/24
752,Hanna Erica Maria,Glas,Hanna,Glas,H. Glas,Sweden,Defender,Sundsvall,NA,4/4/24
753,Rylan,Childers,Rylan,Childers,R. Childers,USA,Midfielder,Grain Valley,NA,9/3/23
754,Svava Rós,Guðmundsdóttir,Svava,Gudmundsdóttir,S. Guðmundsdóttir,Iceland,Attacker,NA,NA,9/3/23
755,Haley,Hopkins,Haley,Hopkins,H. Hopkins,USA,Attacker,Newport Beach,NA,4/4/24
756,Clara,Schilke,Clara,Schilke,C. Schilke,USA,Midfielder,Stafford,NA,4/4/24
757,Mille,Gejl Jensen,Mille,Gejl,M. Gejl,Denmark,Attacker,NA,NA,9/3/23
758,Olivia,Wingate,Olivia,Wingate,O. Wingate,USA,Attacker,NA,NA,4/4/24
759,Sydney Jane,Collins,Sydney,Collins,S. Collins,Canada,Defender,Hillsboro,NA,4/4/24
760,Narumi,Miura,Narumi,Miura,N. Miura,Japan,Midfielder,Kawasaki,NA,4/4/24
761,Millie Laura,Farrow,Millie,Farrow,M. Farrow,England,Attacker,Portsmouth,NA,9/3/23
762,Luany,Vitória da Silva Rosa,Luany,Vitória da Silva Rosa,Luany,Brazil,Attacker,Nova Iguaçu,Luany,4/4/24
763,Messiah,Da'kahlian Bright,Messiah,Bright,M. Bright,USA,Attacker,Dallas,NA,4/4/24
764,Summer,Faith Yates,Summer,Yates,S. Yates,USA,Attacker,Kennewick,NA,4/4/24
765,Adriana,Leal da Silva,Adriana,Leal da Silva,Adriana,Brazil,Attacker,União,Adriana,4/4/24
766,Emily May,Sams,Emily,Sams,E. Sams,USA,Defender,Boise,NA,4/4/24
767,Lauren,Kozal,Lauren,Kozal,L. Kozal,USA,Goalkeeper,Ada,NA,4/4/24
768,Isabella Louise,D'Aquila,Izzy,D'Aquila,I. D'Aquila,USA,Attacker,Mission Viejo,NA,4/4/24
769,Riley,Mattingly Parker,Riley,Parker,R. Parker,USA,Midfielder,NA,NA,9/3/23
770,Uchenna Grace,Kanu,Uchenna,Kanu,U. Kanu,Nigeria,Attacker,Abia,NA,4/4/24
771,Elli,Pikkujämsä,Elli,Pikkujämsä,E. Pikkujämsä,Finland,Defender,Turku,NA,4/4/24
772,Ariadina,Alves Borges,Ariadina,Alves Borges,Ary Borges,Brazil,Midfielder,São Luis,Ary Borges,4/4/24
773,Lauren Ann,Brzykcy,Lauren,Brzykcy,L. Brzykcy,USA,Goalkeeper,San Clemente,NA,9/3/23
774,Giovanna Christina,DeMarco,Giovanna,DeMarco,G. DeMarco,USA,Midfielder,NA,NA,9/3/23
775,Melanie Magali,Barcenas,Melanie,Barcenas,M. Barcenas,USA,Attacker,San Diego,NA,4/4/24
776,Sierra Ann,Enge,Sierra,Enge,S. Enge,USA,Defender,Sun Valley,NA,4/4/24
777,Nicole,Douglas,Nicole,Douglas,N. Douglas,England,Attacker,London,NA,9/3/23
778,Riley Madison,Tanner Rintala,Riley,Tanner,R. Tanner,Panama,Attacker,Grand Rapids,NA,4/4/24
779,Lena,Silano,Lena,Silano,L. Silano,USA,Attacker,Agoura Hills,NA,4/4/24
780,Chloe Cathleen,Ricketts,Chloe,Ricketts,C. Ricketts,USA,Midfielder,Dexter,NA,4/4/24
781,Civana Grace,Kuhlmann,Civana,Kuhlmann,C. Kuhlmann,USA,Attacker,Centennial,NA,4/4/24
782,Lyza,Bosselmann,Lyza,Bosselmann,L. Bosselmann,USA,Goalkeeper,Flagstaff,NA,4/4/24
783,Inès,Jaurena,Inès,Jaurena,I. Jaurena,France,Midfielder,Paris,NA,9/3/23
784,Gabrielle,Carle,Gabrielle,Carle,G. Carle,Canada,Defender,Quebec,NA,4/4/24
785,Paige,Metayer,Paige,Metayer,P. Metayer,USA,Midfielder,Irvine,NA,4/4/24
786,Mackenzie,Pluck,Mackenzie,Pluck,M. Pluck,USA,Midfielder,NA,NA,9/3/23
787,Jyllissa,Harris,Jyllissa,Harris,J. Harris,USA,Defender,Hazlet,NA,4/4/24
788,Bárbara Klarissa,Olivieri Dávila,Bárbara,Olivieri,B. Olivieri,Venezuela,Midfielder,NA,NA,4/4/24
789,Sophie,Hirst,Sophie,Hirst,S. Hirst,USA,Midfielder,NA,NA,4/4/24
790,Madelyn Marie,Desiano,Madelyn,Desiano,M. Desiano,USA,Defender,NA,NA,4/4/24
791,Savannah,Madden,Savannah,Madden,S. Madden,Peru,Goalkeeper,San Diego,NA,4/4/24
792,Jenna,Gray Nighswonger,Jenna,Nighswonger,J. Nighswonger,USA,Midfielder,Huntington Beach,NA,4/4/24
793,Shae,Holmes,Shae,Holmes,S. Holmes,USA,Defender,Highlands Ranch,NA,4/4/24
794,Reyna René,Reyes Stubblefield,Reyna,Reyes,R. Reyes,Mexico,Defender,Garland,NA,4/4/24
795,Kayla,Fischer,Kayla,Fischer,K. Fischer,USA,Midfielder,Kent,NA,4/4/24
796,Olivia,Sekany,Olivia,Sekany,O. Sekany,USA,Goalkeeper,Livermore,NA,4/4/24
797,Scarlett Nefer,Camberos Becerra,Scarlett,Camberos,S. Camberos,Mexico,Attacker,San Diego,NA,4/4/24
798,Emily Sofia,Alvarado Natividad,Emily,Alvarado,E. Alvarado,Mexico,Goalkeeper,El Paso,NA,4/4/24
799,Croix,Soto,Croix,Soto,C. Soto,USA,Defender,Pasadena,NA,4/4/24
800,Sarah,Clark,Sarah,Clark,S. Clark,USA,Defender,NA,NA,9/3/23
801,Nikia,Smith,Nikia,Smith,N. Smith,USA,Defender,NA,NA,9/3/23
802,Brianna,Martínez,Brianna,Martínez,B. Martínez,USA,Defender,Albuquerque,NA,4/4/24
803,Lindsi,Jennings,Lindsi,Jennings,L. Jennings,USA,Defender,Conroe,NA,9/3/23
804,Maliah,Morris,Maliah,Morris,M. Morris,USA,Attacker,NA,NA,9/3/23
805,Amanda Marie,Allen,Amanda,Allen,A. Allen,Canada,Attacker,Mississauga,NA,4/4/24
806,Sandra,Starke,Sandra,Starke,S. Starke,Germany,Midfielder,NA,NA,9/3/23
807,Meagan Erin,McClelland,Meagan,McClelland,M. McClelland,USA,Goalkeeper,NA,NA,9/3/23
808,Kelsey,Hill,Kelsey,Hill,K. Hill,USA,Defender,NA,NA,9/3/23
809,McKenzie,Weinert,McKenzie,Weinert,M. Weinert,USA,Attacker,NA,NA,4/4/24
810,Jadyn,Edwards,Jadyn,Edwards,J. Edwards,USA,Attacker,NA,NA,9/3/23
811,Natalie,Viggiano,Natalie,Viggiano,N. Viggiano,USA,Midfielder,NA,NA,9/3/23
812,Kayla Ann,Morrison,Kayla,Morrison,K. Morrison,USA,Defender,NA,NA,9/3/23
813,Chai,Cortez,Chai,Cortez,C. Cortez,USA,Defender,NA,NA,9/3/23
814,Shea,Hastings Conn­ors,Shea,Connors,S. Conn­ors,USA,Attacker,NA,NA,9/3/23
815,Jordan,Thompson,Jordan,Thompson,J. Thompson,USA,Defender,Sumner,NA,9/3/23
816,Cyera Makenzie,Hintzen,Cyera,Hintzen,C. Hintzen,USA,Attacker,NA,NA,9/3/23
817,Maitane,López Millán,Maitane,López,Maitane López,Spain,Midfielder,Mallorca,NA,4/4/24
818,Isabel Susan,Dehakiz,Isabel,Dehakiz,I. Dehakiz,Colombia,Midfielder,NA,NA,9/3/23
819,Sarah,Puntigam,Sarah,Puntigam,S. Puntigam,Austria,Midfielder,Raning,NA,4/4/24
820,Susanna Joy,Friedrichs,Susanna,Friedrichs,S. Friedrichs,USA,Defender,NA,NA,9/3/23
821,Kelly Maureen,Fitzgerald,Kelly,Fitzgerald,K. Fitzgerald,USA,Midfielder,NA,NA,9/3/23
822,Rafaelle,Leone Carvalho de Souza,Rafaelle,Leone Carvalho de Souza,Rafaelle Souza,Brazil,Defender,Cipó,Rafaelle Souza,4/4/24
823,Alyssa Mae,Walker,Alyssa,Walker,A. Walker,USA,Attacker,NA,NA,9/3/23
824,Ella,Shamburger,Ella,Shamburger,E. Shamburger,USA,Defender,NA,NA,9/3/23
825,Kyra Taylor,Carusa,Kyra,Carusa,K. Carusa,Republic of Ireland,Attacker,San Diego,NA,4/4/24
826,Ouleymata,Sarr,Ouleymata,Sarr,O. Sarr,France,Attacker,Cambrai,NA,4/4/24
827,Annaïg Charlotte Thérese,Butel,Annaïg,Butel,A. Butel,France,Defender,Ivry-sur-Seine,NA,4/4/24
828,Stine,Ballisager Pedersen,Stine,Ballisager,S. Ballisager,Denmark,Defender,Vellev,NA,4/4/24
829,Lauren Eduarda,Leal Costa,Lauren Eduarda,Leal Costa,Lauren,Brazil,Defender,Votorantim,Lauren,4/4/24
830,Esther,González Rodríguez,Esther,González,Esther González,Spain,Attacker,Huéscar,NA,4/4/24
831,Manaka,Matsukubo,Manaka,Matsukubo,M. Matsukubo,Japan,Midfielder,Kagoshima,NA,4/4/24
832,Gisele Olivia,Thompson,Gisele,Thompson,G. Thompson,USA,Defender,Studio City,Gisele Thompson,4/4/24
833,Madison,Curry,Madison,Curry,M. Curry,USA,Defender,NA,NA,4/4/24
834,Kennedy Linh,Fuller,Kennedy,Fuller,K. Fuller,USA,Midfielder,NA,NA,4/4/24
835,Casey Yu-Jin,Phair,Casey Yu-Jin,Phair,Phair Casey Yu-Jin,Korea Republic,Attacker,NA,Phair Casey Yu-Jin,4/4/24
836,Hannah,Stambaugh,Hannah,Stambaugh,H. Stambaugh,Japan,Goalkeeper,NA,NA,4/4/24
837,Jordan,Brewster,Jordan,Brewster,J. Brewster,USA,Defender,Canton,NA,4/4/24
838,Jamie,Shepherd,Jamie,Shepherd,J. Shepherd,USA,Midfielder,NA,NA,4/4/24
839,Emmie,Allen,Emmie,Allen,E. Allen,USA,Goalkeeper,NA,NA,4/4/24
840,Caroline,Conti,Caroline,Conti,C. Conti,USA,Attacker,Charlotte,NA,4/4/24
841,Racheal,Kundananji,Racheal,Kundananji,R. Kundananji,Zambia,Attacker,Ndola,NA,4/4/24
842,Princess Dankwa,Marfo,Princess,Marfo,P. Marfo,Ghana,Attacker,NA,NA,4/4/24
843,Maya,Doms,Maya,Doms,M. Doms,USA,Midfielder,Davis,NA,4/4/24
844,Asisat Lamina,Oshoala,Asisat,Oshoala,A. Oshoala,Nigeria,Attacker,Ikorodu,NA,4/4/24
845,Madeline,Moreau,Madeline,Moreau,M. Moreau,USA,Defender,Youngsville,NA,4/4/24
846,Jennifer Patricia,Beattie,Jen,Beattie,J. Beattie,Scotland,Defender,Glasgow,NA,4/4/24
847,Lysianne,Proulx,Lysianne,Proulx,L. Proulx,Canada,Goalkeeper,Boucherville,NA,4/4/24
848,Deyna Cristina,Castellanos Naujenis,Deyna,Castellanos,D. Castellanos,Venezuela,Midfielder,Maracay,NA,4/4/24
849,Savannah Mckenzie,King,Savy,King,S. King,USA,Defender,Santa Monica,NA,4/4/24
850,Hannah,Anderson,Hannah,Anderson,H. Anderson,USA,Defender,NA,NA,4/4/24
851,Leilanni,Nesbeth,Leilanni,Nesbeth,L. Nesbeth,Bermuda,Midfielder,NA,NA,4/4/24
852,Jameese,Joseph,Jameese,Joseph,J. Joseph,USA,Midfielder,NA,NA,4/4/24
853,Bea,Franklin,Bea,Franklin,B. Franklin,USA,Midfielder,NA,NA,4/4/24
854,Allison,McKenna Cook,Ally,Cook,Ally Cook,USA,Attacker,NA,Ally Cook,4/4/24
855,Maximiliane,Rall,Maximiliane,Rall,M. Rall,Germany,Defender,Rottweil,NA,4/4/24
856,Amanda,West,Amanda,West,A. West,Canada,Attacker,NA,NA,4/4/24
857,Andressa,Alves da Silva,Andressa,Alves da Silva,Andressa Alves,Brazil,Midfielder,São Paulo,Andressa Alves,4/4/24
858,Avery,Patterson,Avery,Patterson,A. Patterson,USA,Attacker,NA,NA,4/4/24
859,Kalyssa Priscilla,van Zanten,Kiki,van Zanten,K. van Zanten,Jamaica,Attacker,Buffalo Grove,NA,4/4/24
860,Elin Ingrid Johanna,Rubensson,Elin,Rubensson,E. Rubensson,Sweden,Midfielder,Ystad,NA,4/4/24
861,Regan,Steigleder,Regan,Steigleder,R. Steigleder,USA,Midfielder,"Iowa City, IA",NA,4/4/24
862,Alexandra Mackenzie,Pfeiffer,Alex,Pfeiffer,A. Pfeiffer,USA,Attacker,St. Louis,NA,4/4/24
863,Beatriz,Zaneratto João,Beatriz,Zaneratto João,Bia Zaneratto,Brazil,Attacker,Araraquara,Bia Zaneratto,4/4/24
864,Ellis,Wheeler,Ellis,Wheeler,E. Wheeler,USA,Defender,NA,NA,4/4/24
865,Claire,Hutton,Claire,Hutton,C. Hutton,USA,Midfielder,"Bethlehem, NY",NA,4/4/24
866,Sophía Wais,Braun,Sophía,Braun,S. Braun,Argentina,Midfielder,Beaverton,NA,4/4/24
867,Temwa,Chawinga,Temwa,Chawinga,T. Chawinga,Malawi,Attacker,NA,NA,4/4/24
868,Hope,Hisey,Hope,Hisey,H. Hisey,USA,Goalkeeper,Tucson,NA,4/4/24
869,Erin,McKinney,Erin,McKinney,E. McKinney,USA,Goalkeeper,NA,NA,4/4/24
870,Maycee Nicole,Bell,Maycee,Bell,M. Bell,USA,Defender,Wichita,NA,4/4/24
871,Maya,McCutcheon,Maya,McCutcheon,M. McCutcheon,USA,Midfielder,NA,NA,4/4/24
872,Natalia,Staude,Natalia,Staude,N. Staude,USA,Defender,NA,NA,4/4/24
873,Landy,Mertz,Landy,Mertz,L. Mertz,USA,Midfielder,NA,NA,4/4/24
874,Julia,Dorsey,Julia,Dorsey,J. Dorsey,USA,Defender,NA,NA,4/4/24
875,Riley Francis,Jackson,Riley,Jackson,R. Jackson,USA,Midfielder,NA,NA,4/4/24
876,Felicitas,Rauch,Felicitas,Rauch,F. Rauch,Germany,Defender,Hannoversch Münden,NA,4/4/24
877,Rikako,Kobayashi,Rikako,Kobayashi,R. Kobayashi,Japan,Attacker,Kobe,NA,4/4/24
878,Luana,Bertolucci Paixão,Luana,Bertolucci Paixão,Luana,Brazil,Midfielder,São Bernardo do Campo,Luana,4/4/24
879,Alex,Kerr,Alex,Kerr,A. Kerr,USA,Attacker,Boston,NA,4/4/24
880,Ally Olivia,Lemos,Ally,Lemos,A. Lemos,USA,Midfielder,Glendora,NA,4/4/24
881,McKinley,Crone,McKinley,Crone,M. Crone,USA,Goalkeeper,NA,NA,4/4/24
882,Evelina Pirjo Jovanka,Duljan,Evelina,Duljan,E. Duljan,Sweden,Defender,Kristianstad,NA,4/4/24
883,Sofia,Manner,Sofia,Manner,S. Manner,Finland,Goalkeeper,Helsinki,NA,4/4/24
884,Coriana,Dyke,Coriana,Dyke,C. Dyke,USA,Midfielder,NA,NA,4/4/24
885,Barbra,Banda,Barbra,Banda,B. Banda,Zambia,Attacker,Lusaka,NA,4/4/24
886,Payton Elizabeth,Linnehan,Payton,Linnehan,P. Linnehan,USA,Attacker,NA,NA,4/4/24
887,Olivia,Wade-Katoa,Olivia,Wade-Katoa,O. Wade-Katoa,USA,Midfielder,NA,NA,4/4/24
888,Nicole Oyeyemisi,Payne,Nicole,Payne,N. Payne,Nigeria,Defender,Birmingham,NA,4/4/24
889,Isabella,Bryld Obaze,Isabella,Obaze,I. Obaze,Denmark,Defender,Kolding,NA,4/4/24
890,Mallie,McKenzie,Mallie,McKenzie,M. McKenzie,USA,Midfielder,NA,NA,4/4/24
891,Marie,Müller,Marie,Müller,M. Müller,Germany,Midfielder,NA,NA,4/4/24
892,Katherine,Asman,Kat,Asman,K. Asman,USA,Goalkeeper,NA,NA,4/4/24
893,Jessie Alexandra,Fleming,Jessie,Fleming,J. Fleming,Canada,Midfielder,London,NA,4/4/24
894,Reilyn,Turner,Reilyn,Turner,R. Turner,USA,Attacker,NA,NA,4/4/24
895,Elexa Marie,Bahr Gutiérrez,Elexa,Bahr,E. Bahr,Colombia,Attacker,Buford,NA,4/4/24
896,Yuuka,Kurosaki,Yuuka,Kurosaki,Y. Kurosaki,Japan,Midfielder,Kitakyushu-shi,NA,4/4/24
897,Emma,Sears,Emma,Sears,E. Sears,USA,Attacker,Ohio,NA,4/4/24
898,Emily Louise Foy,Clegg,Milly,Clegg,M. Clegg,New Zealand,Attacker,Auckland,NA,4/4/24
899,Kennedy Megan,Wesley,Kennedy,Wesley,K. Wesley,USA,Defender,NA,NA,4/4/24
900,Mya Rilaine,Charmaine Jones,Mya,Jones,M. Jones,Canada,Attacker,Calgary,NA,4/4/24
901,Kimmi,Ascanio,Kimmi,Ascanio,K. Ascanio,USA,Midfielder,NA,NA,4/4/24
902,Kaitlyn Grace,Torpey,Kaitlyn,Torpey,K. Torpey,Australia,Defender,NA,NA,4/4/24
903,Hanna Ester,Lundkvist,Hanna,Lundkvist,H. Lundkvist,Sweden,Defender,Djurö,NA,4/4/24
904,Morgan,Messner,Morgan,Messner,M. Messner,USA,Goalkeeper,NA,NA,4/4/24
905,Lily Susan,Woodham,Lily,Woodham,L. Woodham,Wales,Defender,Cardiff,NA,4/4/24
906,Samantha,Meza,Samantha,Meza,S. Meza,USA,Midfielder,NA,NA,4/4/24
907,So-Yun,Ji,So-Yun,Ji,Ji So-Yun,Korea Republic,Midfielder,Seoul,Ji So-Yun,4/4/24
908,Madison,Mercado,Maddie,Mercado,M. Mercado,USA,Midfielder,NA,NA,4/4/24
909,Emeri Kate,Adames,Emeri,Adames,E. Adames,USA,Attacker,NA,NA,4/4/24
910,Dana Margaretha Wilhelmina,Foederer,Dana,Foederer,D. Foederer,Netherlands,Midfielder,Veldhoven,NA,4/4/24
911,Cristina Isabel,Roque,Cristina,Roque,C. Roque,Puerto Rico,Goalkeeper,NA,NA,4/4/24
912,Olivia,Smith Griffitts,Olivia,Griffitts,O. Griffitts,USA,Defender,NA,NA,4/4/24
913,Allyson Marie,Sentnor,Ally,Sentnor,A. Sentnor,USA,Attacker,NA,NA,4/4/24
914,Agnes Birgitta,Nyberg,Agnes,Nyberg,A. Nyberg,Sweden,Midfielder,Uppsala,NA,4/4/24
915,Brecken Inga,Mozingo,Brecken,Mozingo,B. Mozingo,USA,Attacker,Sandy,NA,4/4/24
916,Lauren Elizabeth,Flynn,Lauren,Flynn,L. Flynn,USA,Defender,NA,NA,4/4/24
917,Zoe Mackenzie,Chabot Burns,Zoe,Burns,Z. Burns,Canada,Defender,Issaquah,NA,4/4/24
918,Kate Meguire,Wiesner,Kate,Wiesner,K. Wiesner,USA,Defender,Monrovia,NA,4/4/24
919,Courtney,Brown,Courtney,Brown,C. Brown,USA,Midfielder,NA,NA,4/4/24
920,Croix,Bethune,Croix,Bethune,C. Bethune,USA,Midfielder,NA,NA,4/4/24
921,Makenna,Morris,Makenna,Morris,M. Morris,USA,Attacker,NA,NA,4/4/24
922,Heather,Stainbrook,Heather,Stainbrook,H. Stainbrook,USA,Midfielder,Sandy,NA,4/4/24
923,Hal,Hershfelt,Hal,Hershfelt,H. Hershfelt,USA,Midfielder,Atlanta,NA,4/4/24